datetime,temperature,precipitation_total,wind_gust,wind_speed,cloud_cover_total,sunshine_duration,hour,weekday_0,weekday_1,weekday_2,weekday_3,weekday_4,weekday_5,weekday_6,lag,avg_lag,traffic,promo
2023-04-23 09:00:00,15.190246,0,19.8,7.6367526,29.7,42,9,0,0,0,0,0,0,1,13.0,41.291666666666664,32,0
2023-04-23 10:00:00,16.240246,0.2,22.319998,7.2,39,36.36364,10,0,0,0,0,0,0,1,32.0,41.791666666666664,30,0
2023-04-23 11:00:00,17.380245,0.2,42.12,11.720751,72,16.363636,11,0,0,0,0,0,0,1,30.0,41.291666666666664,28,0
2023-04-23 12:00:00,18.580246,0.2,51.839996,14.417988,76,13.939394,12,0,0,0,0,0,0,1,28.0,41.25,37,0
2023-04-23 13:00:00,19.450245,0,52.56,14.759999,53,27.878788,13,0,0,0,0,0,0,1,37.0,40.958333333333336,58,0
2023-04-23 14:00:00,16.790245,1.5,43.199997,15.530151,62,22.424244,14,0,0,0,0,0,0,1,58.0,41.416666666666664,44,0
2023-04-23 15:00:00,16.470245,0,38.16,15.646544,97,1.2121224,15,0,0,0,0,0,0,1,44.0,40.625,84,0
2023-04-23 16:00:00,16.430246,0,23.039999,7.491114,92,4.242425,16,0,0,0,0,0,0,1,84.0,41.708333333333336,97,0
2023-04-23 17:00:00,14.8102455,0.6,35.28,11.246759,100,0,17,0,0,0,0,0,0,1,97.0,42.291666666666664,67,0
2023-04-23 18:00:00,12.840245,0.4,32.399998,15.30741,97,1.2121224,18,0,0,0,0,0,0,1,67.0,42.583333333333336,55,0
2023-04-23 19:00:00,12.080245,0.3,37.079998,14.512064,80,6.2181826,19,0,0,0,0,0,0,1,55.0,40.833333333333336,58,0
2023-04-23 20:00:00,11.780245,0.1,32.760002,12.181624,55,0,20,0,0,0,0,0,0,1,58.0,39.583333333333336,83,0
2023-04-23 21:00:00,11.600245,0,29.519999,11.4862,26.1,0,21,0,0,0,0,0,0,1,83.0,39.125,66,0
2023-04-23 22:00:00,11.300245,0,25.919998,10.495713,77,0,22,0,0,0,0,0,0,1,66.0,38.375,60,0
2023-04-23 23:00:00,11.190246,0,30.599998,12.55879,86,0,23,0,0,0,0,0,0,1,60.0,38.875,27,0
2023-04-24 00:00:00,11.210245,0,32.399998,12.88981,95,0,0,1,0,0,0,0,0,0,27.0,38.291666666666664,5,0
2023-04-24 01:00:00,10.750245,0,33.12,13.237038,82,0,1,1,0,0,0,0,0,0,5.0,37.666666666666664,2,0
2023-04-24 02:00:00,10.530245,0,32.399998,14.4,66,0,2,1,0,0,0,0,0,0,2.0,37.166666666666664,2,0
2023-04-24 03:00:00,10.260245,0,33.48,13.779114,65,0,3,1,0,0,0,0,0,0,2.0,36.916666666666664,1,0
2023-04-24 04:00:00,10.120245,0.1,34.92,13.089354,52,0,4,1,0,0,0,0,0,0,1.0,36.791666666666664,2,0
2023-04-24 05:00:00,9.880245,0.1,35.64,13.854155,35,23.61751,5,1,0,0,0,0,0,0,2.0,36.791666666666664,8,0
2023-04-24 06:00:00,9.960245,0,37.079998,15.716793,46,32.121212,6,1,0,0,0,0,0,0,8.0,37.041666666666664,21,1
2023-04-24 07:00:00,10.130245,0,40.32,18.692286,41,35.151512,7,1,0,0,0,0,0,0,21.0,37.708333333333336,17,1
2023-04-24 08:00:00,10.200245,0,46.079998,20.617662,43,33.939392,8,1,0,0,0,0,0,0,17.0,37.375,29,1
2023-04-24 09:00:00,10.730246,0,46.44,20.12461,40,35.757576,9,1,0,0,0,0,0,0,29.0,38.041666666666664,30,1
2023-04-24 10:00:00,10.5602455,0,47.519997,20.721119,35,38.78788,10,1,0,0,0,0,0,0,30.0,37.958333333333336,20,0
2023-04-24 11:00:00,11.200245,0,48.239998,19.35314,57,25.454548,11,1,0,0,0,0,0,0,20.0,37.541666666666664,23,0
2023-04-24 12:00:00,11.750245,0.1,46.079998,18.289274,56,26.060608,12,1,0,0,0,0,0,0,23.0,37.333333333333336,14,0
2023-04-24 13:00:00,12.370245,0,43.199997,17.873556,61,23.030302,13,1,0,0,0,0,0,0,14.0,36.375,18,0
2023-04-24 14:00:00,12.970245,0.2,45.719997,17.462784,58,24.848484,14,1,0,0,0,0,0,0,18.0,34.708333333333336,23,0
2023-04-24 15:00:00,13.020246,0.1,45,15.188415,36,38.181816,15,1,0,0,0,0,0,0,23.0,33.833333333333336,27,0
2023-04-24 16:00:00,12.770246,0.4,41.760002,14.081478,31,41.21212,16,1,0,0,0,0,0,0,27.0,31.458333333333332,44,0
2023-04-24 17:00:00,12.410245,0,36.719997,11.609651,26,44.242424,17,1,0,0,0,0,0,0,44.0,29.25,90,0
2023-04-24 18:00:00,11.740245,0,30.960001,9.178235,35,38.78788,18,1,0,0,0,0,0,0,90.0,30.208333333333332,48,0
2023-04-24 19:00:00,10.510245,0,21.96,7.8625183,39,20.505053,19,1,0,0,0,0,0,0,48.0,29.916666666666668,70,0
2023-04-24 20:00:00,9.910245,0,20.16,6.28713,36,0,20,1,0,0,0,0,0,0,70.0,30.416666666666668,45,0
2023-04-24 21:00:00,8.920245,0,17.64,6.3690495,26,0,21,1,0,0,0,0,0,0,45.0,28.833333333333332,37,0
2023-04-24 22:00:00,9.080245,0,16.56,8.161764,43,0,22,1,0,0,0,0,0,0,37.0,27.625,21,0
2023-04-24 23:00:00,9.580245,0,18,7.729527,53,0,23,1,0,0,0,0,0,0,21.0,26.0,19,0
2023-04-25 00:00:00,8.610246,0,19.8,6.28713,50,0,0,0,1,0,0,0,0,0,19.0,25.666666666666668,4,0
2023-04-25 01:00:00,8.200246,0,18,6.763786,51,0,1,0,1,0,0,0,0,0,4.0,25.625,2,0
2023-04-25 02:00:00,7.290245,0,14.759999,5.3517847,24,0,2,0,1,0,0,0,0,0,2.0,25.625,1,0
2023-04-25 03:00:00,6.5802455,0,15.84,5.95906,42,0,3,0,1,0,0,0,0,0,1.0,25.583333333333332,1,0
2023-04-25 04:00:00,6.290245,0.1,15.84,5.95906,84,0,4,0,1,0,0,0,0,0,1.0,25.583333333333332,2,0
2023-04-25 05:00:00,6.670245,0.5,16.56,6.28713,87,4.6464643,5,0,1,0,0,0,0,0,2.0,25.583333333333332,6,0
2023-04-25 06:00:00,7.1402454,0.8,22.68,8.209263,92,4.242425,6,0,1,0,0,0,0,0,6.0,25.5,23,0
2023-04-25 07:00:00,6.9502454,0.8,22.319998,9.83268,99,0,7,0,1,0,0,0,0,0,23.0,25.583333333333332,31,0
2023-04-25 08:00:00,7.210245,1.3,25.199999,11.879999,97,1.2121224,8,0,1,0,0,0,0,0,31.0,26.166666666666668,25,0
2023-04-25 09:00:00,8.240246,1,28.44,12.313893,86,7.878789,9,0,1,0,0,0,0,0,25.0,26.0,29,0
2023-04-25 10:00:00,9.670245,1.5,31.319998,5.4477882,58,4.848484,10,0,1,0,0,0,0,0,29.0,25.958333333333332,18,0
2023-04-25 11:00:00,10.400246,1.3,31.68,8.350138,89,6.060605,11,0,1,0,0,0,0,0,18.0,25.875,22,0
2023-04-25 12:00:00,10.610246,0.3,32.039997,9.178235,71,16.969696,12,0,1,0,0,0,0,0,22.0,25.833333333333332,20,0
2023-04-25 13:00:00,11.320246,0.3,32.760002,9.3876505,77,13.333332,13,0,1,0,0,0,0,0,20.0,26.083333333333332,24,0
2023-04-25 14:00:00,10.890245,0.2,32.039997,9.36,57,25.454548,14,0,1,0,0,0,0,0,24.0,26.333333333333332,36,0
2023-04-25 15:00:00,10.840245,0.3,30.599998,9.47012,51,29.09091,15,0,1,0,0,0,0,0,36.0,26.875,26,0
2023-04-25 16:00:00,10.410245,0.2,29.519999,9.346143,37,37.57576,16,0,1,0,0,0,0,0,26.0,26.833333333333332,37,0
2023-04-25 17:00:00,10.100245,0.2,27.72,9.565437,33,39.999996,17,0,1,0,0,0,0,0,37.0,26.541666666666668,72,0
2023-04-25 18:00:00,9.500245,0,23.039999,5.315336,24,45.454544,18,0,1,0,0,0,0,0,72.0,25.791666666666668,52,0
2023-04-25 19:00:00,8.0602455,0,13.32,5.3517847,20,28.142088,19,0,1,0,0,0,0,0,52.0,25.958333333333332,41,0
2023-04-25 20:00:00,8.730246,0,9.36,2.0364676,20,0,20,0,1,0,0,0,0,0,41.0,24.75,40,0
2023-04-25 21:00:00,8.610246,0,5.7599998,1.2979984,14,0,21,0,1,0,0,0,0,0,40.0,24.541666666666668,29,0
2023-04-25 22:00:00,7.5502453,0,5.7599998,2.9024127,17,0,22,0,1,0,0,0,0,0,29.0,24.208333333333332,27,0
2023-04-25 23:00:00,6.7402453,0,6.12,3.396233,22,0,23,0,1,0,0,0,0,0,27.0,24.458333333333332,13,0
2023-04-26 00:00:00,5.670245,0,6.12,2.0991426,36,0,0,0,0,1,0,0,0,0,13.0,24.208333333333332,4,0
2023-04-26 01:00:00,5.0502453,0,7.5599995,1.2979984,38,0,1,0,0,1,0,0,0,0,4.0,24.208333333333332,2,0
2023-04-26 02:00:00,4.6002455,0,7.92,2.16,24,0,2,0,0,1,0,0,0,0,2.0,24.208333333333332,1,0
2023-04-26 03:00:00,4.0402455,0,8.28,2.6208394,35,0,3,0,0,1,0,0,0,0,1.0,24.208333333333332,1,0
2023-04-26 04:00:00,3.8002453,0,8.64,3.319036,61,0,4,0,0,1,0,0,0,0,1.0,24.208333333333332,1,0
2023-04-26 05:00:00,4.0702453,0,10.08,1.609969,100,0,5,0,0,1,0,0,0,0,1.0,24.166666666666668,8,0
2023-04-26 06:00:00,5.500245,0,12.599999,1.484318,100,0,6,0,0,1,0,0,0,0,8.0,24.25,24,0
2023-04-26 07:00:00,6.6802454,0,13.679999,4.3349743,100,0,7,0,0,1,0,0,0,0,24.0,24.291666666666668,34,0
2023-04-26 08:00:00,8.040245,0,15.4800005,3.7585104,63,21.818182,8,0,0,1,0,0,0,0,34.0,24.416666666666668,53,0
2023-04-26 09:00:00,9.650246,0,15.4800005,2.7416782,74,15.151516,9,0,0,1,0,0,0,0,53.0,25.583333333333332,27,0
2023-04-26 10:00:00,11.080245,0,14.4,1.9386592,99,0,10,0,0,1,0,0,0,0,27.0,25.5,27,0
2023-04-26 11:00:00,12.210245,0,12.959999,1.0182338,96,1.8181801,11,0,0,1,0,0,0,0,27.0,25.875,25,0
2023-04-26 12:00:00,12.940246,0,14.04,2.0991426,91,4.8484864,12,0,0,1,0,0,0,0,25.0,26.0,19,0
2023-04-26 13:00:00,13.720245,0,15.119999,2.5455842,71,16.969696,13,0,0,1,0,0,0,0,19.0,25.958333333333332,23,0
2023-04-26 14:00:00,14.500245,0,16.56,2.5455842,58,24.848484,14,0,0,1,0,0,0,0,23.0,25.916666666666668,37,0
2023-04-26 15:00:00,14.920245,0,15.84,2.16,58,24.848484,15,0,0,1,0,0,0,0,37.0,25.958333333333332,25,0
2023-04-26 16:00:00,15.040245,0,17.28,2.968636,46,32.121212,16,0,0,1,0,0,0,0,25.0,25.916666666666668,56,0
2023-04-26 17:00:00,14.840245,0,15.119999,3.5455887,65,20.60606,17,0,0,1,0,0,0,0,56.0,26.708333333333332,47,0
2023-04-26 18:00:00,14.350245,0,7.92,5.00128,64,21.212122,18,0,0,1,0,0,0,0,47.0,25.666666666666668,64,0
2023-04-26 19:00:00,11.280245,0,9.72,5.3999996,47,19.259258,19,0,0,1,0,0,0,0,64.0,26.166666666666668,62,0
2023-04-26 20:00:00,9.960245,0,8.64,4.5820518,49,0,20,0,0,1,0,0,0,0,62.0,27.041666666666668,70,0
2023-04-26 21:00:00,9.770246,0,9,3.8773184,48,0,21,0,0,1,0,0,0,0,70.0,28.291666666666668,39,0
2023-04-26 22:00:00,9.050245,0,9,4.3498964,60,0,22,0,0,1,0,0,0,0,39.0,28.708333333333332,26,0
2023-04-26 23:00:00,8.890245,0,8.64,3.6,51,0,23,0,0,1,0,0,0,0,26.0,28.666666666666668,19,0
2023-04-27 00:00:00,8.750245,0,8.28,3.396233,71,0,0,0,0,0,1,0,0,0,19.0,28.916666666666668,4,0
2023-04-27 01:00:00,8.3102455,0,8.64,3.219938,76,0,1,0,0,0,1,0,0,0,4.0,28.916666666666668,2,0
2023-04-27 02:00:00,8.670245,0,8.28,3.219938,71,0,2,0,0,0,1,0,0,0,2.0,28.916666666666668,2,0
2023-04-27 03:00:00,8.3102455,0,7.92,3.0547013,64,0,3,0,0,0,1,0,0,0,2.0,28.958333333333332,1,0
2023-04-27 04:00:00,8.610246,0,8.28,3.319036,55,0,4,0,0,0,1,0,0,0,1.0,28.958333333333332,2,0
2023-04-27 05:00:00,8.530246,0,8.28,3.096837,47,21.955557,5,0,0,0,1,0,0,0,2.0,29.0,7,0
2023-04-27 06:00:00,9.720245,0,10.440001,3.0758414,39,36.36364,6,0,0,0,1,0,0,0,7.0,28.958333333333332,32,0
2023-04-27 07:00:00,11.220245,0,11.5199995,2.8116899,41,35.151512,7,0,0,0,1,0,0,0,32.0,29.291666666666668,32,0
2023-04-27 08:00:00,13.460245,0,12.599999,2.8116899,40,35.757576,8,0,0,0,1,0,0,0,32.0,29.208333333333332,28,0
2023-04-27 09:00:00,15.040245,0,12.959999,1.8,27,43.636364,9,0,0,0,1,0,0,0,28.0,28.166666666666668,42,0
2023-04-27 10:00:00,16.090246,0,12.959999,1.609969,29.400002,42.181816,10,0,0,0,1,0,0,0,42.0,28.791666666666668,35,0
2023-04-27 11:00:00,17.220245,0,13.32,0,28.800001,42.545456,11,0,0,0,1,0,0,0,35.0,29.125,33,0
2023-04-27 12:00:00,17.470245,0,14.04,2.3051248,49,30.303032,12,0,0,0,1,0,0,0,33.0,29.458333333333332,32,0
2023-04-27 13:00:00,18.040245,0,14.04,2.3051248,45,32.727272,13,0,0,0,1,0,0,0,32.0,30.0,32,0
2023-04-27 14:00:00,18.750246,0,15.4800005,2.3051248,27,43.636364,14,0,0,0,1,0,0,0,32.0,30.375,41,0
2023-04-27 15:00:00,19.050245,0,14.4,1.08,31,41.21212,15,0,0,0,1,0,0,0,41.0,30.541666666666668,72,0
2023-04-27 16:00:00,18.960245,0,13.679999,2.7416782,32,40.606064,16,0,0,0,1,0,0,0,72.0,32.5,52,0
2023-04-27 17:00:00,18.600245,0,13.32,3.7064266,46,32.121212,17,0,0,0,1,0,0,0,52.0,32.333333333333336,56,0
2023-04-27 18:00:00,17.830246,0,8.64,5.154415,83,9.696969,18,0,0,0,1,0,0,0,56.0,32.708333333333336,37,0
2023-04-27 19:00:00,15.290245,0,9.72,4.1046314,95,1.5380464,19,0,0,0,1,0,0,0,37.0,31.583333333333332,55,0
2023-04-27 20:00:00,12.420245,0,10.08,4.8433046,84,0,20,0,0,0,1,0,0,0,55.0,31.291666666666668,53,0
2023-04-27 21:00:00,11.690246,0,9.72,3.8268526,50,0,21,0,0,0,1,0,0,0,53.0,30.583333333333332,38,0
2023-04-27 22:00:00,12.210245,0,11.5199995,6.12,78,0,22,0,0,0,1,0,0,0,38.0,30.541666666666668,25,0
2023-04-27 23:00:00,11.880245,0,13.32,5.495161,65,0,23,0,0,0,1,0,0,0,25.0,30.5,17,0
2023-04-28 00:00:00,12.000245,0,14.4,5.495161,93,0,0,0,0,0,0,1,0,0,17.0,30.416666666666668,6,0
2023-04-28 01:00:00,12.220245,0,16.199999,5.8048253,57,0,1,0,0,0,0,1,0,0,6.0,30.5,2,0
2023-04-28 02:00:00,12.860246,0.4,23.759998,5.2416787,98,0,2,0,0,0,0,1,0,0,2.0,30.5,1,0
2023-04-28 03:00:00,12.970245,0.6,35.64,5.04,99,0,3,0,0,0,0,1,0,0,1.0,30.458333333333332,1,0
2023-04-28 04:00:00,12.740245,0.8,37.079998,7.208994,96,0,4,0,0,0,0,1,0,0,1.0,30.458333333333332,3,0
2023-04-28 05:00:00,12.860246,1,36.719997,7.9932976,100,0,5,0,0,0,0,1,0,0,3.0,30.5,7,0
2023-04-28 06:00:00,13.250245,0.6,32.760002,9.227524,99,0,6,0,0,0,0,1,0,0,7.0,30.5,19,0
2023-04-28 07:00:00,13.760245,1.3,31.68,10.799999,99,0,7,0,0,0,0,1,0,0,19.0,29.958333333333332,21,0
2023-04-28 08:00:00,14.300245,1.4,36.719997,10.97262,97,1.2121224,8,0,0,0,0,1,0,0,21.0,29.5,31,0
2023-04-28 09:00:00,14.900246,1.3,37.8,10.514218,95,2.4242413,9,0,0,0,0,1,0,0,31.0,29.625,27,0
2023-04-28 10:00:00,15.110246,0.9,35.64,7.10031,68,8.78788,10,0,0,0,0,1,0,0,27.0,29.0,25,0
2023-04-28 11:00:00,16.720245,1.4,29.88,10.948973,97,1.2121224,11,0,0,0,0,1,0,0,25.0,28.583333333333332,19,0
2023-04-28 12:00:00,17.310246,0.9,28.44,11.720751,87,7.2727275,12,0,0,0,0,1,0,0,19.0,28.0,22,0
2023-04-28 13:00:00,18.330246,0.7,26.64,7.289445,80,11.515152,13,0,0,0,0,1,0,0,22.0,27.583333333333332,23,0
2023-04-28 14:00:00,18.570246,0.3,23.759998,6.28713,50,19.69697,14,0,0,0,0,1,0,0,23.0,27.208333333333332,34,0
2023-04-28 15:00:00,18.360245,0.1,24.84,5.1544156,33,29.999996,15,0,0,0,0,1,0,0,34.0,26.916666666666668,47,0
2023-04-28 16:00:00,18.740246,0.3,25.199999,4.68,46,22.121212,16,0,0,0,0,1,0,0,47.0,25.875,47,0
2023-04-28 17:00:00,18.470245,0.6,26.64,3.219938,58.2,12.909096,17,0,0,0,0,1,0,0,47.0,25.666666666666668,49,0
2023-04-28 18:00:00,18.170246,1,23.4,7.145796,71,5.151512,18,0,0,0,0,1,0,0,49.0,25.375,50,0
2023-04-28 19:00:00,16.620245,0.1,18.72,7.072878,38,24.328114,19,0,0,0,0,1,0,0,50.0,25.916666666666668,100,0
2023-04-28 20:00:00,15.620245,0.1,18.359999,6.0347,21,0,20,0,0,0,0,1,0,0,100.0,27.791666666666668,76,0
2023-04-28 21:00:00,15.3102455,0,14.04,5.3517847,21.6,0,21,0,0,0,0,1,0,0,76.0,28.75,72,0
2023-04-28 22:00:00,15.040245,0,15.4800005,5.3999996,42,0,22,0,0,0,0,1,0,0,72.0,30.166666666666668,80,0
2023-04-28 23:00:00,14.420245,0.1,15.119999,5.0142193,65,0,23,0,0,0,0,1,0,0,80.0,32.458333333333336,47,0
2023-04-29 00:00:00,13.680245,0,13.32,5.3517847,69,0,0,0,0,0,0,0,1,0,47.0,33.708333333333336,23,0
2023-04-29 01:00:00,13.370245,0,11.879999,4.6800003,83,0,1,0,0,0,0,0,1,0,23.0,34.416666666666664,14,0
2023-04-29 02:00:00,13.340245,0,10.799999,5.315336,89,0,2,0,0,0,0,0,1,0,14.0,34.916666666666664,10,0
2023-04-29 03:00:00,13.270246,0,9.72,4.5536795,67,0,3,0,0,0,0,0,1,0,10.0,35.291666666666664,6,0
2023-04-29 04:00:00,12.740245,0,9.72,3.4152596,49,0,4,0,0,0,0,0,1,0,6.0,35.5,3,0
2023-04-29 05:00:00,12.840245,0,10.08,3.219938,29,31.983164,5,0,0,0,0,0,1,0,3.0,35.5,4,0
2023-04-29 06:00:00,13.890245,0,10.08,2.4149535,59,24.242424,6,0,0,0,0,0,1,0,4.0,35.375,5,0
2023-04-29 07:00:00,14.930245,0,15.4800005,5.4833565,71,16.969696,7,0,0,0,0,0,1,0,5.0,34.791666666666664,13,0
2023-04-29 08:00:00,16.230246,0,22.68,6.638072,31,41.21212,8,0,0,0,0,0,1,0,13.0,34.458333333333336,22,0
2023-04-29 09:00:00,17.070246,0,25.56,6.6185193,30.000002,41.81818,9,0,0,0,0,0,1,0,22.0,34.083333333333336,33,0
2023-04-29 10:00:00,18.030245,0,25.919998,4.1046314,28.800001,42.545456,10,0,0,0,0,0,1,0,33.0,34.333333333333336,28,0
2023-04-29 11:00:00,18.790245,0,26.28,5.154415,33,39.999996,11,0,0,0,0,0,1,0,28.0,34.458333333333336,33,0
2023-04-29 12:00:00,19.320246,0,22.319998,7.5685663,27.900002,43.090904,12,0,0,0,0,0,1,0,33.0,35.041666666666664,44,0
2023-04-29 13:00:00,19.670246,0,23.4,9.449572,42,34.545456,13,0,0,0,0,0,1,0,44.0,35.958333333333336,51,0
2023-04-29 14:00:00,19.480246,0,24.119999,11.367109,44,33.333336,14,0,0,0,0,0,1,0,51.0,37.125,86,0
2023-04-29 15:00:00,19.090246,0,24.48,13.698934,25.500002,44.545456,15,0,0,0,0,0,1,0,86.0,39.291666666666664,63,0
2023-04-29 16:00:00,18.510244,0,26.64,14.685176,25.800001,44.363636,16,0,0,0,0,0,1,0,63.0,39.958333333333336,104,0
2023-04-29 17:00:00,17.170246,0,26.64,14.973576,25.2,44.727276,17,0,0,0,0,0,1,0,104.0,42.333333333333336,70,0
2023-04-29 18:00:00,15.470245,0,25.199999,13.979871,28,43.0303,18,0,0,0,0,0,1,0,70.0,43.208333333333336,112,0
2023-04-29 19:00:00,13.780245,0,30.960001,12.57426,41,23.961617,19,0,0,0,0,0,1,0,112.0,45.791666666666664,57,0
2023-04-29 20:00:00,12.980246,0,28.08,10.308831,36,0,20,0,0,0,0,0,1,0,57.0,44.0,101,0
2023-04-29 21:00:00,12.3102455,0,24.48,8.707238,27,0,21,0,0,0,0,0,1,0,101.0,45.041666666666664,67,0
2023-04-29 22:00:00,11.820246,0,19.08,7.2805495,23,0,22,0,0,0,0,0,1,0,67.0,44.833333333333336,72,0
2023-04-29 23:00:00,11.230246,0,15.4800005,6.763786,30,0,23,0,0,0,0,0,1,0,72.0,44.5,27,0
2023-04-30 00:00:00,11.030245,0,14.759999,7.5685663,34,0,0,0,0,0,0,0,0,1,27.0,43.666666666666664,27,0
2023-04-30 01:00:00,9.630245,0,15.119999,7.24486,37,0,1,0,0,0,0,0,0,1,27.0,43.833333333333336,16,0
2023-04-30 02:00:00,9.3102455,0,15.4800005,6.792466,32,0,2,0,0,0,0,0,0,1,16.0,43.916666666666664,8,0
2023-04-30 03:00:00,9.660245,0,15.4800005,6.792466,27.6,0,3,0,0,0,0,0,0,1,8.0,43.833333333333336,5,0
2023-04-30 04:00:00,9.550245,0,14.04,7.10031,29.1,0,4,0,0,0,0,0,0,1,5.0,43.791666666666664,3,0
2023-04-30 05:00:00,10.280245,0,14.04,5.815978,29.400002,33.00727,5,0,0,0,0,0,0,1,3.0,43.791666666666664,3,0
2023-04-30 06:00:00,11.250245,0,17.28,7.5685663,35,38.78788,6,0,0,0,0,0,0,1,3.0,43.75,4,0
2023-04-30 07:00:00,12.470245,0,21.599998,9.449572,45,32.727272,7,0,0,0,0,0,0,1,4.0,43.708333333333336,23,0
2023-04-30 08:00:00,13.590245,0,28.8,13.684735,81,10.909091,8,0,0,0,0,0,0,1,23.0,44.125,21,0
2023-04-30 09:00:00,15.040245,0,30.599998,13.527572,94,3.0303025,9,0,0,0,0,0,0,1,21.0,44.083333333333336,24,0
2023-04-30 10:00:00,16.570246,0,30.239998,11.885453,100,0,10,0,0,0,0,0,0,1,24.0,43.708333333333336,31,0
2023-04-30 11:00:00,17.370245,0,29.16,13.746156,100,0,11,0,0,0,0,0,0,1,31.0,43.833333333333336,24,0
2023-04-30 12:00:00,17.540245,0,27,12.768586,89,6.060605,12,0,0,0,0,0,0,1,24.0,43.458333333333336,43,0
2023-04-30 13:00:00,17.700245,0,26.64,11.246759,84,9.090908,13,0,0,0,0,0,0,1,43.0,43.416666666666664,51,0
2023-04-30 14:00:00,18.170246,0,26.28,10.1887,84,9.090908,14,0,0,0,0,0,0,1,51.0,43.416666666666664,71,0
2023-04-30 15:00:00,18.190245,0,24.48,9.6932955,75,14.545455,15,0,0,0,0,0,0,1,71.0,42.791666666666664,87,0
2023-04-30 16:00:00,17.980246,0,21.599998,9.0645685,86,7.878789,16,0,0,0,0,0,0,1,87.0,43.791666666666664,84,0
2023-04-30 17:00:00,17.210245,0,18.72,6.12,84,9.090908,17,0,0,0,0,0,0,1,84.0,42.958333333333336,96,0
2023-04-30 18:00:00,16.000246,0,12.959999,5.7599998,82,10.30303,18,0,0,0,0,0,0,1,96.0,44.041666666666664,97,0
2023-04-30 19:00:00,14.830245,0,12.959999,6.130579,84,6.41414,19,0,0,0,0,0,0,1,97.0,43.416666666666664,67,0
2023-04-30 20:00:00,14.420245,0,11.5199995,5.6920996,80,0,20,0,0,0,0,0,0,1,67.0,43.833333333333336,86,0
2023-04-30 21:00:00,14.080245,0,9.72,4.510787,76,0,21,0,0,0,0,0,0,1,86.0,43.208333333333336,69,0
2023-04-30 22:00:00,13.710245,0,6.8399997,2.5959969,86,0,22,0,0,0,0,0,0,1,69.0,43.291666666666664,45,0
2023-04-30 23:00:00,13.160245,0,5.7599998,1.2979984,98,0,23,0,0,0,0,0,0,1,45.0,42.166666666666664,37,0
2023-05-01 00:00:00,12.780245,0,6.12,1.5273507,100,0,0,1,0,0,0,0,0,0,37.0,42.583333333333336,6,0
2023-05-01 01:00:00,12.320246,0,5.3999996,2.0991426,99,0,1,1,0,0,0,0,0,0,6.0,41.708333333333336,2,0
2023-05-01 02:00:00,11.890245,0,4.68,1.9386592,96,0,2,1,0,0,0,0,0,0,2.0,41.125,2,0
2023-05-01 03:00:00,11.380245,0.1,5.04,2.968636,93,0,3,1,0,0,0,0,0,0,2.0,40.875,1,0
2023-05-01 04:00:00,10.660245,0.2,6.8399997,4.0249224,94,0,4,1,0,0,0,0,0,0,1.0,40.708333333333336,3,0
2023-05-01 05:00:00,10.710245,0.1,8.64,3.2399998,97,0.98215586,5,1,0,0,0,0,0,0,3.0,40.708333333333336,10,0
2023-05-01 06:00:00,11.710245,0,10.08,4.6938252,91,4.8484864,6,1,0,0,0,0,0,0,10.0,41.0,27,1
2023-05-01 07:00:00,12.850245,0.2,10.799999,4.379589,97,1.2121224,7,1,0,0,0,0,0,0,27.0,41.958333333333336,23,1
2023-05-01 08:00:00,13.830245,0.3,11.5199995,4.6800003,87,7.2727275,8,1,0,0,0,0,0,0,23.0,41.958333333333336,55,1
2023-05-01 09:00:00,14.490245,0.3,13.679999,5.6002855,82,10.30303,9,1,0,0,0,0,0,0,55.0,43.375,39,1
2023-05-01 10:00:00,14.880245,0.1,19.44,3.8939953,95,2.4242413,10,1,0,0,0,0,0,0,39.0,44.0,31,0
2023-05-01 11:00:00,15.490245,0.1,22.68,6.618519,93,3.6363637,11,1,0,0,0,0,0,0,31.0,44.0,30,0
2023-05-01 12:00:00,15.830245,0.1,23.4,8.373386,93,3.6363637,12,1,0,0,0,0,0,0,30.0,44.25,29,0
2023-05-01 13:00:00,15.880245,0.1,24.119999,9.028754,91,4.8484864,13,1,0,0,0,0,0,0,29.0,43.666666666666664,37,0
2023-05-01 14:00:00,16.100246,0.2,24.119999,10.1887,92,4.242425,14,1,0,0,0,0,0,0,37.0,43.083333333333336,36,0
2023-05-01 15:00:00,15.800245,0.4,22.68,9.449572,64,21.212122,15,1,0,0,0,0,0,0,36.0,41.625,36,0
2023-05-01 16:00:00,15.700245,0.1,18,7.145796,64,21.212122,16,1,0,0,0,0,0,0,36.0,39.5,53,0
2023-05-01 17:00:00,15.270246,0.1,17.28,4.198285,48,30.90909,17,1,0,0,0,0,0,0,53.0,38.208333333333336,78,0
2023-05-01 18:00:00,14.330245,0.8,18,5.0528407,58,24.848484,18,1,0,0,0,0,0,0,78.0,37.458333333333336,48,0
2023-05-01 19:00:00,13.030245,0.1,15.84,4.5536795,68,13.683839,19,1,0,0,0,0,0,0,48.0,35.416666666666664,65,0
2023-05-01 20:00:00,12.400246,0,11.5199995,5.1165614,47,0,20,1,0,0,0,0,0,0,65.0,35.333333333333336,55,0
2023-05-01 21:00:00,11.460245,0,9.72,6.1305785,25.800001,0,21,1,0,0,0,0,0,0,55.0,34.041666666666664,52,0
2023-05-01 22:00:00,11.160245,0,10.08,2.6208394,54,0,22,1,0,0,0,0,0,0,52.0,33.333333333333336,26,0
2023-05-01 23:00:00,10.210245,0,10.799999,4.39436,19,0,23,1,0,0,0,0,0,0,26.0,32.541666666666664,18,0
2023-05-02 00:00:00,10.050245,0,12.24,4.1046314,23,0,0,0,1,0,0,0,0,0,18.0,31.75,5,0
2023-05-02 01:00:00,9.8102455,0,12.24,3.8268526,20,0,1,0,1,0,0,0,0,0,5.0,31.708333333333332,2,0
2023-05-02 02:00:00,9.440246,0,11.5199995,3.319036,22,0,2,0,1,0,0,0,0,0,2.0,31.708333333333332,1,0
2023-05-02 03:00:00,8.930245,0,9,2.0364676,30,0,3,0,1,0,0,0,0,0,1.0,31.666666666666668,1,0
2023-05-02 04:00:00,8.950245,0,9.72,1.5273507,34,0,4,0,1,0,0,0,0,0,1.0,31.666666666666668,1,0
2023-05-02 05:00:00,9.5602455,0,10.08,2.1897945,47,26.367676,5,0,1,0,0,0,0,0,1.0,31.583333333333332,8,0
2023-05-02 06:00:00,10.860246,0,11.159999,3.8268526,42,34.545456,6,0,1,0,0,0,0,0,8.0,31.5,24,0
2023-05-02 07:00:00,12.220245,0,14.759999,5.315336,44,33.333336,7,0,1,0,0,0,0,0,24.0,31.375,27,0
2023-05-02 08:00:00,13.250245,0,20.880001,8.647496,40,35.757576,8,0,1,0,0,0,0,0,27.0,31.541666666666668,42,0
2023-05-02 09:00:00,14.480246,0,21.599998,9.779817,44,33.333336,9,0,1,0,0,0,0,0,42.0,31.0,34,0
2023-05-02 10:00:00,15.540245,0,25.919998,5.0142193,34,39.39394,10,0,1,0,0,0,0,0,34.0,30.791666666666668,22,0
2023-05-02 11:00:00,16.170246,0,28.08,7.208994,19,48.484848,11,0,1,0,0,0,0,0,22.0,30.416666666666668,26,0
2023-05-02 12:00:00,16.530245,0,28.08,9.36,28,43.0303,12,0,1,0,0,0,0,0,26.0,30.25,31,0
2023-05-02 13:00:00,17.020245,0.1,27.359999,9.746631,32,40.606064,13,0,1,0,0,0,0,0,31.0,30.333333333333332,29,0
2023-05-02 14:00:00,17.060246,0.2,28.8,11.183201,37,37.57576,14,0,1,0,0,0,0,0,29.0,30.0,39,0
2023-05-02 15:00:00,16.850245,0,30.239998,12.245294,42,34.545456,15,0,1,0,0,0,0,0,39.0,30.125,42,0
2023-05-02 16:00:00,16.250246,0,33.839996,13.009903,18,49.090908,16,0,1,0,0,0,0,0,42.0,30.375,59,0
2023-05-02 17:00:00,15.900246,0,32.760002,9.793058,15,50.909096,17,0,1,0,0,0,0,0,59.0,30.625,64,0
2023-05-02 18:00:00,14.760245,0,24.84,6.725354,8,55.151512,18,0,1,0,0,0,0,0,64.0,30.041666666666668,57,0
2023-05-02 19:00:00,13.360246,0,18,7.5942073,10,40.529465,19,0,1,0,0,0,0,0,57.0,30.416666666666668,75,0
2023-05-02 20:00:00,12.300245,0,16.56,8.209263,14,0,20,0,1,0,0,0,0,0,75.0,30.833333333333332,44,0
2023-05-02 21:00:00,11.250245,0,16.56,8.373386,17,0,21,0,1,0,0,0,0,0,44.0,30.375,45,0
2023-05-02 22:00:00,9.790245,0,16.56,8.534353,59,0,22,0,1,0,0,0,0,0,45.0,30.083333333333332,27,0
2023-05-02 23:00:00,8.910245,0,16.56,7.145796,51,0,23,0,1,0,0,0,0,0,27.0,30.125,14,0
2023-05-03 00:00:00,8.160246,0,16.199999,7.42159,34,0,0,0,0,1,0,0,0,0,14.0,29.958333333333332,6,0
2023-05-03 01:00:00,7.4702454,0,15.84,7.5685663,19,0,1,0,0,1,0,0,0,0,6.0,30.0,2,0
2023-05-03 02:00:00,7.0102453,0,15.4800005,8.089993,8,0,2,0,0,1,0,0,0,0,2.0,30.0,2,0
2023-05-03 03:00:00,6.6002455,0,15.4800005,7.5685663,6,0,3,0,0,1,0,0,0,0,2.0,30.041666666666668,1,0
2023-05-03 04:00:00,6.110245,0,15.84,7.24486,9,0,4,0,0,1,0,0,0,0,1.0,30.041666666666668,2,0
2023-05-03 05:00:00,6.860245,0,15.84,5.692099,9,47.090904,5,0,0,1,0,0,0,0,2.0,30.083333333333332,6,0
2023-05-03 06:00:00,9.150246,0,17.28,6.618519,2,58.78788,6,0,0,1,0,0,0,0,6.0,30.0,24,0
2023-05-03 07:00:00,11.000245,0,20.16,7.653705,10,53.939396,7,0,0,1,0,0,0,0,24.0,30.0,36,0
2023-05-03 08:00:00,12.950245,0,25.56,10.30883,41,35.151512,8,0,0,1,0,0,0,0,36.0,30.375,46,0
2023-05-03 09:00:00,14.750245,0,29.519999,13.37825,55,26.666664,9,0,0,1,0,0,0,0,46.0,30.541666666666668,30,0
2023-05-03 10:00:00,16.560246,0,31.319998,11.212135,40,35.757576,10,0,0,1,0,0,0,0,30.0,30.375,20,0
2023-05-03 11:00:00,17.970245,0,31.319998,13.392774,44,33.333336,11,0,0,1,0,0,0,0,20.0,30.291666666666668,27,0
2023-05-03 12:00:00,19.080246,0,31.319998,12.783802,27,43.636364,12,0,0,1,0,0,0,0,27.0,30.333333333333332,32,0
2023-05-03 13:00:00,19.840246,0,29.88,12.397806,4,57.575756,13,0,0,1,0,0,0,0,32.0,30.375,28,0
2023-05-03 14:00:00,20.380245,0,29.16,12.904882,39,36.36364,14,0,0,1,0,0,0,0,28.0,30.333333333333332,34,0
2023-05-03 15:00:00,20.630245,0,27.72,12.641076,8,55.151512,15,0,0,1,0,0,0,0,34.0,30.125,55,0
2023-05-03 16:00:00,20.450245,0,27,11.165805,6.6000004,56,16,0,0,1,0,0,0,0,55.0,30.666666666666668,37,0
2023-05-03 17:00:00,19.810246,0,24.48,8.225035,8.1,55.090908,17,0,0,1,0,0,0,0,37.0,29.75,60,0
2023-05-03 18:00:00,17.630245,0,17.28,6.489992,0,60,18,0,0,1,0,0,0,0,60.0,29.583333333333332,72,0
2023-05-03 19:00:00,14.330245,0,16.919998,8.78872,0,46.466667,19,0,0,1,0,0,0,0,72.0,30.208333333333332,75,0
2023-05-03 20:00:00,12.830245,0,15.4800005,8.373386,0,0,20,0,0,1,0,0,0,0,75.0,30.208333333333332,66,0
2023-05-03 21:00:00,11.410245,0,15.84,7.754637,0,0,21,0,0,1,0,0,0,0,66.0,31.125,55,0
2023-05-03 22:00:00,10.350245,0,15.4800005,6.489992,0,0,22,0,0,1,0,0,0,0,55.0,31.541666666666668,23,0
2023-05-03 23:00:00,9.330245,0,14.759999,5.937272,0,0,23,0,0,1,0,0,0,0,23.0,31.375,14,0
2023-05-04 00:00:00,8.570246,0,13.679999,5.0911684,0,0,0,0,0,0,1,0,0,0,14.0,31.375,5,0
2023-05-04 01:00:00,7.7202454,0,13.32,5.0528407,1.2,0,1,0,0,0,1,0,0,0,5.0,31.333333333333332,1,0
2023-05-04 02:00:00,7.4902453,0,13.32,5.0528407,5.7000003,0,2,0,0,0,1,0,0,0,1.0,31.291666666666668,2,0
2023-05-04 03:00:00,7.6402454,0,12.959999,4.6800003,11.400001,0,3,0,0,0,1,0,0,0,2.0,31.291666666666668,1,0
2023-05-04 04:00:00,7.4702454,0,12.24,4.8965297,21.900002,0,4,0,0,0,1,0,0,0,1.0,31.291666666666668,2,0
2023-05-04 05:00:00,7.540245,0,12.24,6.489992,3.9,51.296364,5,0,0,0,1,0,0,0,2.0,31.291666666666668,9,0
2023-05-04 06:00:00,10.400246,0,13.679999,5.692099,0,60,6,0,0,0,1,0,0,0,9.0,31.416666666666668,42,0
2023-05-04 07:00:00,13.180245,0,15.119999,4.6102495,0.90000004,59.454544,7,0,0,0,1,0,0,0,42.0,32.166666666666664,32,0
2023-05-04 08:00:00,15.390245,0,16.199999,5.1919937,1.8000001,58.909092,8,0,0,0,1,0,0,0,32.0,32.0,45,0
2023-05-04 09:00:00,17.230246,0,17.64,5.3999996,1.8000001,58.909092,9,0,0,0,1,0,0,0,45.0,31.958333333333332,41,0
2023-05-04 10:00:00,19.150246,0,18.359999,5.315336,8.700001,54.727272,10,0,0,0,1,0,0,0,41.0,32.416666666666664,39,0
2023-05-04 11:00:00,20.910246,0,18.359999,6.297428,8.700001,54.727272,11,0,0,0,1,0,0,0,39.0,33.208333333333336,44,0
2023-05-04 12:00:00,22.340246,0,18.72,6.8777895,5.7000003,56.545456,12,0,0,0,1,0,0,0,44.0,33.916666666666664,19,0
2023-05-04 13:00:00,23.350245,0,18.359999,6.28713,13.200001,52,13,0,0,0,1,0,0,0,19.0,33.375,49,0
2023-05-04 14:00:00,24.220245,0,16.56,5.8603754,17.7,49.272724,14,0,0,0,1,0,0,0,49.0,34.25,47,0
2023-05-04 15:00:00,24.540245,0,15.119999,4.8433046,24.900002,44.909092,15,0,0,0,1,0,0,0,47.0,34.791666666666664,37,0
2023-05-04 16:00:00,24.520245,0,14.4,2.4149535,26.7,43.818184,16,0,0,0,1,0,0,0,37.0,34.041666666666664,54,0
2023-05-04 17:00:00,23.900246,0,14.04,0.8049845,24.300001,45.272724,17,0,0,0,1,0,0,0,54.0,34.75,49,0
2023-05-04 18:00:00,21.790245,0,11.5199995,3.4152596,14,51.51515,18,0,0,0,1,0,0,0,49.0,34.291666666666664,64,0
2023-05-04 19:00:00,18.850245,0,15.84,6.924738,19,38.680134,19,0,0,0,1,0,0,0,64.0,33.958333333333336,40,0
2023-05-04 20:00:00,19.050245,0,16.56,9.021574,2,0,20,0,0,0,1,0,0,0,40.0,32.5,74,0
2023-05-04 21:00:00,18.220245,0,16.199999,8.161764,3,0,21,0,0,0,1,0,0,0,74.0,32.833333333333336,35,0
2023-05-04 22:00:00,14.920245,0,15.4800005,8.209263,39,0,22,0,0,0,1,0,0,0,35.0,32.0,24,0
2023-05-04 23:00:00,14.820246,0,14.4,6.151683,58,0,23,0,0,0,1,0,0,0,24.0,32.041666666666664,19,0
2023-05-05 00:00:00,14.490245,0,14.04,4.5536795,42,0,0,0,0,0,0,1,0,0,19.0,32.25,7,0
2023-05-05 01:00:00,14.320246,0,14.4,4.802999,23,0,1,0,0,0,0,1,0,0,7.0,32.333333333333336,2,0
2023-05-05 02:00:00,14.360246,0.1,14.4,4.3349743,35,0,2,0,0,0,0,1,0,0,2.0,32.375,2,0
2023-05-05 03:00:00,14.470245,0.1,13.32,4.0249224,43,0,3,0,0,0,0,1,0,0,2.0,32.375,1,0
2023-05-05 04:00:00,14.160245,0,12.599999,3.671294,48,0,4,0,0,0,0,1,0,0,1.0,32.375,2,0
2023-05-05 05:00:00,14.220245,0,11.879999,3.6179552,41,32.22222,5,0,0,0,0,1,0,0,2.0,32.375,11,0
2023-05-05 06:00:00,15.360246,0,13.32,4.6938252,32,40.606064,6,0,0,0,0,1,0,0,11.0,32.458333333333336,37,0
2023-05-05 07:00:00,16.580246,0.4,13.679999,3.671294,69.400002,22.181816,7,0,0,0,0,1,0,0,37.0,32.25,29,0
2023-05-05 08:00:00,18.100245,1.4,15.84,2.7416782,79.7,12,8,0,0,0,0,1,0,0,29.0,32.125,22,0
2023-05-05 09:00:00,19.400246,1.2,18.359999,1.08,89.400002,22.181816,9,0,0,0,0,1,0,0,22.0,31.166666666666668,28,0
2023-05-05 10:00:00,20.740246,1,15.4800005,0.8049845,83,13.939392,10,0,0,0,0,1,0,0,28.0,30.625,25,0
2023-05-05 11:00:00,21.560246,1.1,23.759998,0.5091169,89,10.303032,11,0,0,0,0,1,0,0,25.0,30.041666666666668,21,0
2023-05-05 12:00:00,22.190245,1.6,15.84,2.9024127,78,8.90909,12,0,0,0,0,1,0,0,21.0,29.083333333333332,20,0
2023-05-05 13:00:00,22.460245,2,24.48,3.671294,96,5.181816,13,0,0,0,0,1,0,0,20.0,29.125,27,0
2023-05-05 14:00:00,20.450245,1.1,26.28,10.587917,70,9.69697,14,0,0,0,0,1,0,0,27.0,28.208333333333332,31,0
2023-05-05 15:00:00,18.920246,0.7,22.319998,11.720751,81,10.909091,15,0,0,0,0,1,0,0,31.0,27.541666666666668,32,0
2023-05-05 16:00:00,18.710245,0.6,16.199999,8.699793,66.400002,24,16,0,0,0,0,1,0,0,32.0,27.333333333333332,44,0
2023-05-05 17:00:00,18.840246,0.3,29.16,4.73506,29,42.424244,17,0,0,0,0,1,0,0,44.0,26.916666666666668,70,0
2023-05-05 18:00:00,17.760244,0.1,20.519999,1.2979984,58,24.848484,18,0,0,0,0,1,0,0,70.0,27.791666666666668,110,0
2023-05-05 19:00:00,16.550245,0.2,10.08,0.71999997,47,25.877441,19,0,0,0,0,1,0,0,110.0,29.708333333333332,61,0
2023-05-05 20:00:00,15.790245,0.3,12.959999,1.835647,54,0,20,0,0,0,0,1,0,0,61.0,30.583333333333332,62,0
2023-05-05 21:00:00,15.210245,0.1,12.959999,3.6179552,54,0,21,0,0,0,0,1,0,0,62.0,30.083333333333332,63,0
2023-05-05 22:00:00,14.590245,0,10.799999,1.5273507,22,0,22,0,0,0,0,1,0,0,63.0,31.25,68,0
2023-05-05 23:00:00,13.860246,0,9.36,2.16,8.400001,0,23,0,0,0,0,1,0,0,68.0,33.083333333333336,25,0
2023-05-06 00:00:00,13.180245,0,10.08,1.484318,6,0,0,0,0,0,0,0,1,0,25.0,33.333333333333336,27,0
2023-05-06 01:00:00,12.700245,0,9.36,1.2979984,23,0,1,0,0,0,0,0,1,0,27.0,34.166666666666664,14,0
2023-05-06 02:00:00,12.440246,0,9.36,1.1384199,32,0,2,0,0,0,0,0,1,0,14.0,34.666666666666664,9,0
2023-05-06 03:00:00,12.600245,0,9.36,0.35999998,35,0,3,0,0,0,0,0,1,0,9.0,34.958333333333336,4,0
2023-05-06 04:00:00,12.850245,0,11.879999,1.8,43,0,4,0,0,0,0,0,1,0,4.0,35.083333333333336,2,0
2023-05-06 05:00:00,12.660245,0,11.879999,3.096837,66,18.849998,5,0,0,0,0,0,1,0,2.0,35.083333333333336,3,0
2023-05-06 06:00:00,13.280245,0,12.24,2.5455842,87,7.2727275,6,0,0,0,0,0,1,0,3.0,34.75,5,0
2023-05-06 07:00:00,14.230246,0,11.159999,1.835647,50,29.69697,7,0,0,0,0,0,1,0,5.0,33.416666666666664,18,0
2023-05-06 08:00:00,15.460245,0,11.159999,3.319036,29,42.424244,8,0,0,0,0,0,1,0,18.0,32.958333333333336,27,0
2023-05-06 09:00:00,17.290245,0,13.679999,4.3349743,30.000002,41.81818,9,0,0,0,0,0,1,0,27.0,33.166666666666664,22,0
2023-05-06 10:00:00,19.970245,0,15.4800005,5.634891,29.400002,42.181816,10,0,0,0,0,0,1,0,22.0,32.916666666666664,46,0
2023-05-06 11:00:00,20.810246,0,16.919998,6.4096174,28.500002,42.727272,11,0,0,0,0,0,1,0,46.0,33.791666666666664,44,0
2023-05-06 12:00:00,21.490246,0,17.28,5.6233797,29.400002,42.181816,12,0,0,0,0,0,1,0,44.0,34.75,59,0
2023-05-06 13:00:00,22.080246,0,16.199999,5.6233797,28.500002,42.727272,13,0,0,0,0,0,1,0,59.0,36.375,55,0
2023-05-06 14:00:00,22.590246,0,15.84,6.28713,32,40.606064,14,0,0,0,0,0,1,0,55.0,37.541666666666664,50,0
2023-05-06 15:00:00,22.310246,0,16.56,7.289444,41,35.151512,15,0,0,0,0,0,1,0,50.0,38.333333333333336,74,0
2023-05-06 16:00:00,22.310246,0,16.56,4.8965297,28.500002,42.727272,16,0,0,0,0,0,1,0,74.0,40.083333333333336,140,0
2023-05-06 17:00:00,21.920246,0,12.24,2.2768397,27.300001,43.454544,17,0,0,0,0,0,1,0,140.0,44.083333333333336,63,0
2023-05-06 18:00:00,20.840246,0,6.4799995,3.4152596,28.800001,42.545456,18,0,0,0,0,0,1,0,63.0,43.791666666666664,94,0
2023-05-06 19:00:00,18.510244,0,9,4.73506,29.400002,35.57333,19,0,0,0,0,0,1,0,94.0,43.125,97,0
2023-05-06 20:00:00,16.770245,0,7.5599995,3.319036,29.7,0,20,0,0,0,0,0,1,0,97.0,44.625,114,0
2023-05-06 21:00:00,13.870245,0,8.64,3.8268526,30.000002,0,21,0,0,0,0,0,1,0,114.0,46.791666666666664,88,0
2023-05-06 22:00:00,14.100245,0,9,1.609969,29.1,0,22,0,0,0,0,0,1,0,88.0,47.833333333333336,65,0
2023-05-06 23:00:00,13.320246,0,9,1.8,29.7,0,23,0,0,0,0,0,1,0,65.0,47.708333333333336,45,0
2023-05-07 00:00:00,13.210245,0,8.64,2.3051248,30.000002,0,0,0,0,0,0,0,0,1,45.0,48.541666666666664,26,0
2023-05-07 01:00:00,12.270246,0,8.64,2.0991426,19.5,0,1,0,0,0,0,0,0,1,26.0,48.5,12,0
2023-05-07 02:00:00,11.550245,0,8.64,2.5455842,5,0,2,0,0,0,0,0,0,1,12.0,48.416666666666664,6,0
2023-05-07 03:00:00,11.530245,0,8.28,1.8,10.5,0,3,0,0,0,0,0,0,1,6.0,48.291666666666664,4,0
2023-05-07 04:00:00,11.790245,0,7.92,2.5455842,16.800001,0,4,0,0,0,0,0,0,1,4.0,48.291666666666664,3,0
2023-05-07 05:00:00,11.900246,0,8.64,4.829907,33,38.677776,5,0,0,0,0,0,0,1,3.0,48.333333333333336,2,0
2023-05-07 06:00:00,13.690246,0,10.440001,5.1544156,53,27.878788,6,0,0,0,0,0,0,1,2.0,48.291666666666664,5,0
2023-05-07 07:00:00,15.420245,0,13.679999,4.829907,76,13.939394,7,0,0,0,0,0,0,1,5.0,48.291666666666664,14,0
2023-05-07 08:00:00,16.830246,0,15.4800005,5.3999996,83,9.696969,8,0,0,0,0,0,0,1,14.0,48.125,21,0
2023-05-07 09:00:00,18.240246,0,17.64,5.3517847,89,6.060605,9,0,0,0,0,0,0,1,21.0,47.875,32,0
2023-05-07 10:00:00,19.310246,0,18.72,5.0528407,73,15.757578,10,0,0,0,0,0,0,1,32.0,48.291666666666664,26,0
2023-05-07 11:00:00,19.930244,0,18,4.6938257,79,12.121214,11,0,0,0,0,0,0,1,26.0,47.458333333333336,35,0
2023-05-07 12:00:00,20.320246,0,20.880001,5.8048253,53,27.878788,12,0,0,0,0,0,0,1,35.0,47.083333333333336,59,0
2023-05-07 13:00:00,18.930244,0.6,25.56,8.311245,90,5.454544,13,0,0,0,0,0,0,1,59.0,47.083333333333336,40,0
2023-05-07 14:00:00,18.980246,0.6,26.64,8.427383,99,0,14,0,0,0,0,0,0,1,40.0,46.458333333333336,61,0
2023-05-07 15:00:00,18.110245,0.1,24.119999,6.849467,87,7.2727275,15,0,0,0,0,0,0,1,61.0,46.916666666666664,71,0
2023-05-07 16:00:00,17.900246,0,15.84,5.8603754,73,15.757578,16,0,0,0,0,0,0,1,71.0,46.791666666666664,96,0
2023-05-07 17:00:00,17.590246,0.3,13.32,5.154415,62,22.424244,17,0,0,0,0,0,0,1,96.0,44.958333333333336,102,0
2023-05-07 18:00:00,16.540245,0.1,12.24,4.2136917,77,13.333332,18,0,0,0,0,0,0,1,102.0,46.583333333333336,91,0
2023-05-07 19:00:00,15.690246,0.7,14.4,5.0142193,73,13.6434355,19,0,0,0,0,0,0,1,91.0,46.458333333333336,62,0
2023-05-07 20:00:00,15.300245,0.3,9.36,4.072935,80,0,20,0,0,0,0,0,0,1,62.0,45.0,86,0
2023-05-07 21:00:00,15.040245,0.6,10.08,4.3498964,75,0,21,0,0,0,0,0,0,1,86.0,43.833333333333336,58,0
2023-05-07 22:00:00,14.670245,0.2,12.599999,4.6102495,81,0,22,0,0,0,0,0,0,1,58.0,42.583333333333336,50,0
2023-05-07 23:00:00,14.500245,0,12.599999,3.396233,52,0,23,0,0,0,0,0,0,1,50.0,41.958333333333336,38,0
2023-05-08 00:00:00,14.320246,0,11.879999,4.2136917,31,0,0,1,0,0,0,0,0,0,38.0,41.666666666666664,5,0
2023-05-08 01:00:00,14.230246,0,11.879999,4.8965297,58,0,1,1,0,0,0,0,0,0,5.0,40.791666666666664,2,0
2023-05-08 02:00:00,14.250245,0,10.799999,4.6102495,55,0,2,1,0,0,0,0,0,0,2.0,40.375,2,0
2023-05-08 03:00:00,14.160245,0,11.5199995,4.6938257,79,0,3,1,0,0,0,0,0,0,2.0,40.208333333333336,1,0
2023-05-08 04:00:00,14.360246,0,12.599999,3.8939953,86,0,4,1,0,0,0,0,0,0,1.0,40.083333333333336,2,0
2023-05-08 05:00:00,14.540245,0,11.879999,3.8939953,76,13.823232,5,1,0,0,0,0,0,0,2.0,40.041666666666664,10,0
2023-05-08 06:00:00,14.630245,0,11.879999,4.8965297,50,29.69697,6,1,0,0,0,0,0,0,10.0,40.375,25,1
2023-05-08 07:00:00,15.230246,0,13.32,4.0249224,45,32.727272,7,1,0,0,0,0,0,0,25.0,41.208333333333336,38,1
2023-05-08 08:00:00,16.080246,0.1,14.4,2.9024127,51,29.09091,8,1,0,0,0,0,0,0,38.0,42.208333333333336,46,1
2023-05-08 09:00:00,16.910246,0.1,14.759999,3.8773184,60,23.636362,9,1,0,0,0,0,0,0,46.0,43.25,30,1
2023-05-08 10:00:00,17.670246,0,15.119999,6.379216,71,16.969696,10,1,0,0,0,0,0,0,30.0,43.166666666666664,24,0
2023-05-08 11:00:00,18.490246,0,16.199999,5.95906,80,11.515152,11,1,0,0,0,0,0,0,24.0,43.083333333333336,28,0
2023-05-08 12:00:00,18.820246,0,16.56,4.39436,72,16.363636,12,1,0,0,0,0,0,0,28.0,42.791666666666664,26,0
2023-05-08 13:00:00,18.730246,0,15.84,3.8939953,71,16.969696,13,1,0,0,0,0,0,0,26.0,41.416666666666664,30,0
2023-05-08 14:00:00,19.040245,0.2,16.199999,3.0758414,45,32.727272,14,1,0,0,0,0,0,0,30.0,41.0,32,0
2023-05-08 15:00:00,19.160246,0.3,14.759999,2.8799999,41,35.151512,15,1,0,0,0,0,0,0,32.0,39.791666666666664,40,0
2023-05-08 16:00:00,18.610245,1.6,15.119999,4.379589,31,41.21212,16,1,0,0,0,0,0,0,40.0,38.5,29,0
2023-05-08 17:00:00,17.780245,0.8,20.16,6.193674,43,33.939392,17,1,0,0,0,0,0,0,29.0,35.708333333333336,40,0
2023-05-08 18:00:00,16.910246,0.3,18.359999,5.00128,48,30.90909,18,1,0,0,0,0,0,0,40.0,33.125,54,0
2023-05-08 19:00:00,16.730246,0,10.799999,2.3051248,35,34.46734,19,1,0,0,0,0,0,0,54.0,31.583333333333332,68,0
2023-05-08 20:00:00,15.910245,0,6.8399997,2.4149535,29.400002,0,20,1,0,0,0,0,0,0,68.0,31.833333333333332,60,0
2023-05-08 21:00:00,15.440246,0,5.7599998,3.219938,34,0,21,1,0,0,0,0,0,0,60.0,30.75,51,0
2023-05-08 22:00:00,14.600245,0,6.4799995,2.4149535,22,0,22,1,0,0,0,0,0,0,51.0,30.458333333333332,23,0
2023-05-08 23:00:00,14.5602455,0,6.4799995,0.5091169,22,0,23,1,0,0,0,0,0,0,23.0,29.333333333333332,15,0
2023-05-09 00:00:00,13.590245,0,6.4799995,1.1384199,52,0,0,0,1,0,0,0,0,0,15.0,28.375,5,0
2023-05-09 01:00:00,12.130245,0,7.5599995,2.5455842,50,0,1,0,1,0,0,0,0,0,5.0,28.375,2,0
2023-05-09 02:00:00,12.260245,0,8.64,2.968636,57,0,2,0,1,0,0,0,0,0,2.0,28.375,2,0
2023-05-09 03:00:00,12.260245,0,9.36,2.968636,68,0,3,0,1,0,0,0,0,0,2.0,28.375,1,0
2023-05-09 04:00:00,12.620245,0,9.36,2.968636,74,0.2314815,4,0,1,0,0,0,0,0,1.0,28.375,1,0
2023-05-09 05:00:00,13.180245,0,12.24,2.7416782,62,22.424244,5,0,1,0,0,0,0,0,1.0,28.333333333333332,6,0
2023-05-09 06:00:00,13.910245,0,12.959999,3.6,61,23.030302,6,0,1,0,0,0,0,0,6.0,28.166666666666668,37,0
2023-05-09 07:00:00,15.280245,0,11.879999,3.8939953,88,6.666666,7,0,1,0,0,0,0,0,37.0,28.666666666666668,30,0
2023-05-09 08:00:00,16.780245,0,14.4,4.6938257,93,3.6363637,8,0,1,0,0,0,0,0,30.0,28.333333333333332,40,0
2023-05-09 09:00:00,17.950245,0.1,18.359999,6.12,33,39.999996,9,0,1,0,0,0,0,0,40.0,28.083333333333332,36,0
2023-05-09 10:00:00,19.060246,0.2,19.44,5.04,40,35.757576,10,0,1,0,0,0,0,0,36.0,28.333333333333332,36,0
2023-05-09 11:00:00,19.810246,0.1,19.8,4.6938252,67,19.393942,11,0,1,0,0,0,0,0,36.0,28.833333333333332,21,0
2023-05-09 12:00:00,20.030245,0,18.72,5.8603754,81,10.909091,12,0,1,0,0,0,0,0,21.0,28.541666666666668,20,0
2023-05-09 13:00:00,20.270245,0.1,16.919998,7.386582,96,1.8181801,13,0,1,0,0,0,0,0,20.0,28.291666666666668,31,0
2023-05-09 14:00:00,19.300245,0.1,19.08,5.6920996,100,0,14,0,1,0,0,0,0,0,31.0,28.333333333333332,40,0
2023-05-09 15:00:00,17.690245,0.5,18.359999,3.9763298,100,0,15,0,1,0,0,0,0,0,40.0,28.666666666666668,28,0
2023-05-09 16:00:00,16.330246,1.1,16.199999,7.24486,100,0,16,0,1,0,0,0,0,0,28.0,28.166666666666668,47,0
2023-05-09 17:00:00,15.490245,1.6,15.84,8.373386,100,0,17,0,1,0,0,0,0,0,47.0,28.916666666666668,38,0
2023-05-09 18:00:00,15.020246,1.7,16.56,7.145796,100,0,18,0,1,0,0,0,0,0,38.0,28.833333333333332,39,0
2023-05-09 19:00:00,14.770246,1.5,21.599998,8.669949,100,0,19,0,1,0,0,0,0,0,39.0,28.208333333333332,37,0
2023-05-09 20:00:00,14.500245,1.2,21.599998,10.44,100,0,20,0,1,0,0,0,0,0,37.0,26.916666666666668,32,0
2023-05-09 21:00:00,14.170245,0.9,27.72,12.096214,96,0,21,0,1,0,0,0,0,0,32.0,25.75,23,0
2023-05-09 22:00:00,13.900246,0.5,30.960001,12.096214,94,0,22,0,1,0,0,0,0,0,23.0,24.583333333333332,26,0
2023-05-09 23:00:00,13.780245,0.1,30.599998,12.096214,76,0,23,0,1,0,0,0,0,0,26.0,24.708333333333332,10,0
2023-05-10 00:00:00,13.490245,0,31.68,12.096214,91,0,0,0,0,1,0,0,0,0,10.0,24.5,4,0
2023-05-10 01:00:00,13.290245,0,33.839996,12.096214,62,0,1,0,0,1,0,0,0,0,4.0,24.458333333333332,3,0
2023-05-10 02:00:00,13.000245,0,32.760002,10.315115,76,0,2,0,0,1,0,0,0,0,3.0,24.5,2,0
2023-05-10 03:00:00,12.950245,0.1,28.44,11.753877,82,0,3,0,0,1,0,0,0,0,2.0,24.5,1,0
2023-05-10 04:00:00,12.580245,0,24.119999,9.983106,40,1.4303031,4,0,0,1,0,0,0,0,1.0,24.5,2,0
2023-05-10 05:00:00,12.620245,0.1,21.24,10.636766,55,26.666664,5,0,0,1,0,0,0,0,2.0,24.541666666666668,9,0
2023-05-10 06:00:00,12.900246,0,20.16,11.841756,39,36.36364,6,0,0,1,0,0,0,0,9.0,24.666666666666668,24,0
2023-05-10 07:00:00,13.240245,0,30.239998,13.1041975,25,44.848488,7,0,0,1,0,0,0,0,24.0,24.125,41,0
2023-05-10 08:00:00,13.730246,0,30.960001,13.276144,26.400002,44,8,0,0,1,0,0,0,0,41.0,24.583333333333332,54,0
2023-05-10 09:00:00,14.340245,0,34.56,13.910169,33,39.999996,9,0,0,1,0,0,0,0,54.0,25.166666666666668,35,0
2023-05-10 10:00:00,14.500245,0,38.16,15.484185,37,37.57576,10,0,0,1,0,0,0,0,35.0,25.125,36,0
2023-05-10 11:00:00,15.100245,0,39.6,14.917212,37,37.57576,11,0,0,1,0,0,0,0,36.0,25.125,19,0
2023-05-10 12:00:00,15.460245,0,40.68,16.520823,40,35.757576,12,0,0,1,0,0,0,0,19.0,25.041666666666668,23,0
2023-05-10 13:00:00,15.420245,0,41.760002,16.09969,45,32.727272,13,0,0,1,0,0,0,0,23.0,25.166666666666668,17,0
2023-05-10 14:00:00,15.470245,0,43.56,15.629972,28,43.0303,14,0,0,1,0,0,0,0,17.0,24.583333333333332,47,0
2023-05-10 15:00:00,15.130245,0,41.039997,14.417988,17,49.696968,15,0,0,1,0,0,0,0,47.0,24.875,57,0
2023-05-10 16:00:00,14.760245,0,36.719997,16.039202,69,18.18182,16,0,0,1,0,0,0,0,57.0,26.083333333333332,35,0
2023-05-10 17:00:00,14.370245,0,34.2,13.358861,38,36.969692,17,0,0,1,0,0,0,0,35.0,25.583333333333332,35,0
2023-05-10 18:00:00,13.790245,0,24.84,9.178235,18,49.090908,18,0,0,1,0,0,0,0,35.0,25.458333333333332,78,0
2023-05-10 19:00:00,12.770246,0,20.880001,6.638072,21.900002,43.65106,19,0,0,1,0,0,0,0,78.0,27.083333333333332,84,0
2023-05-10 20:00:00,12.180245,0,17.64,6.1305785,30,0,20,0,0,1,0,0,0,0,84.0,29.041666666666668,63,0
2023-05-10 21:00:00,11.590245,0,17.28,6.1305785,43,0,21,0,0,1,0,0,0,0,63.0,30.333333333333332,50,0
2023-05-10 22:00:00,11.710245,0,16.199999,6.193674,56,0,22,0,0,1,0,0,0,0,50.0,31.458333333333332,33,0
2023-05-10 23:00:00,11.750245,0,15.119999,5.0911684,63,0,23,0,0,1,0,0,0,0,33.0,31.75,24,0
2023-05-11 00:00:00,11.540245,0,14.759999,4.8965297,69,0,0,0,0,0,1,0,0,0,24.0,32.333333333333336,5,0
2023-05-11 01:00:00,11.380245,0,15.119999,6.489992,75,0,1,0,0,0,1,0,0,0,5.0,32.375,2,0
2023-05-11 02:00:00,11.130245,0,14.4,4.3349743,66,0,2,0,0,0,1,0,0,0,2.0,32.333333333333336,2,0
2023-05-11 03:00:00,11.0602455,0,12.24,3.563818,73,0,3,0,0,0,1,0,0,0,2.0,32.333333333333336,1,0
2023-05-11 04:00:00,10.990245,0,11.5199995,4.1046314,70,1.1228956,4,0,0,0,1,0,0,0,1.0,32.333333333333336,1,0
2023-05-11 05:00:00,11.210245,0,12.24,5.95906,69,18.18182,5,0,0,0,1,0,0,0,1.0,32.291666666666664,10,0
2023-05-11 06:00:00,11.400246,0,16.919998,6.162207,56,26.060608,6,0,0,0,1,0,0,0,10.0,32.333333333333336,29,0
2023-05-11 07:00:00,11.970245,0,15.4800005,5.8048253,47,31.51515,7,0,0,0,1,0,0,0,29.0,32.541666666666664,39,0
2023-05-11 08:00:00,12.980246,0,16.919998,4.73506,41,35.151512,8,0,0,0,1,0,0,0,39.0,32.458333333333336,44,0
2023-05-11 09:00:00,13.630245,0,17.64,4.0249224,44,33.333336,9,0,0,0,1,0,0,0,44.0,32.041666666666664,36,0
2023-05-11 10:00:00,13.820246,0.1,18.72,3.563818,93,3.6363637,10,0,0,0,1,0,0,0,36.0,32.083333333333336,27,0
2023-05-11 11:00:00,14.400246,0.2,20.519999,5.00128,96,1.8181801,11,0,0,0,1,0,0,0,27.0,31.708333333333332,18,0
2023-05-11 12:00:00,14.360246,0.2,20.880001,5.495161,96,1.8181801,12,0,0,0,1,0,0,0,18.0,31.666666666666668,30,0
2023-05-11 13:00:00,14.540245,0.2,21.96,7.9526596,92,4.242425,13,0,0,0,1,0,0,0,30.0,31.958333333333332,20,0
2023-05-11 14:00:00,14.580245,0.8,24.48,8.669949,84,9.090908,14,0,0,0,1,0,0,0,20.0,32.083333333333336,30,0
2023-05-11 15:00:00,14.610246,0.8,26.64,7.342588,61,23.030302,15,0,0,0,1,0,0,0,30.0,31.375,30,0
2023-05-11 16:00:00,14.100245,0.1,24.119999,6.130579,70,17.575756,16,0,0,0,1,0,0,0,30.0,30.25,64,0
2023-05-11 17:00:00,13.540245,0,22.68,3.2599385,72,16.363636,17,0,0,0,1,0,0,0,64.0,31.458333333333332,55,0
2023-05-11 18:00:00,12.970245,0,19.08,2.4149535,57,25.454548,18,0,0,0,1,0,0,0,55.0,32.291666666666664,70,0
2023-05-11 19:00:00,11.750245,0.3,10.08,3.563818,29,40.56229,19,0,0,0,1,0,0,0,70.0,31.958333333333332,58,0
2023-05-11 20:00:00,10.980246,0,8.64,5.154415,36,0,20,0,0,0,1,0,0,0,58.0,30.875,73,0
2023-05-11 21:00:00,10.770246,0,9.36,5.506941,74,0,21,0,0,0,1,0,0,0,73.0,31.291666666666668,26,0
2023-05-11 22:00:00,10.620245,0,9.36,6.162207,53,0,22,0,0,0,1,0,0,0,26.0,30.291666666666668,23,0
2023-05-11 23:00:00,10.890245,0,8.64,0.8049845,30,0,23,0,0,0,1,0,0,0,23.0,29.875,21,0
2023-05-12 00:00:00,11.130245,0,7.2,1.835647,31,0,0,0,0,0,0,1,0,0,21.0,29.75,3,0
2023-05-12 01:00:00,10.720245,0,5.04,2.4149535,38,0,1,0,0,0,0,1,0,0,3.0,29.666666666666668,2,0
2023-05-12 02:00:00,11.110246,0,4.32,1.4399999,40,0,2,0,0,0,0,1,0,0,2.0,29.666666666666668,2,0
2023-05-12 03:00:00,11.040245,0,5.3999996,0.8049845,27.300001,0,3,0,0,0,0,1,0,0,2.0,29.666666666666668,1,0
2023-05-12 04:00:00,10.740245,0,5.7599998,0.35999998,24.6,3.8703032,4,0,0,0,0,1,0,0,1.0,29.666666666666668,2,0
2023-05-12 05:00:00,10.510245,0,5.7599998,0.35999998,39,36.36364,5,0,0,0,0,1,0,0,2.0,29.708333333333332,8,0
2023-05-12 06:00:00,11.090245,0,7.92,1.1384199,54,27.272726,6,0,0,0,0,1,0,0,8.0,29.625,28,0
2023-05-12 07:00:00,12.000245,0,11.879999,2.52,57,25.454548,7,0,0,0,0,1,0,0,28.0,29.583333333333332,41,0
2023-05-12 08:00:00,12.720245,0,16.199999,2.8799999,50,29.69697,8,0,0,0,0,1,0,0,41.0,29.666666666666668,55,0
2023-05-12 09:00:00,13.490245,0.1,19.44,3.2399998,54,27.272726,9,0,0,0,0,1,0,0,55.0,30.125,37,0
2023-05-12 10:00:00,15.140245,0.1,20.16,7.2805495,64,21.212122,10,0,0,0,0,1,0,0,37.0,30.166666666666668,32,0
2023-05-12 11:00:00,15.690246,0.1,21.96,8.287822,50,29.69697,11,0,0,0,0,1,0,0,32.0,30.375,28,0
2023-05-12 12:00:00,16.330246,0.1,23.759998,10.182337,48,30.90909,12,0,0,0,0,1,0,0,28.0,30.791666666666668,21,0
2023-05-12 13:00:00,16.810246,0.7,25.56,11.525623,26,44.242424,13,0,0,0,0,1,0,0,21.0,30.416666666666668,29,0
2023-05-12 14:00:00,16.700245,0.2,27,11.885453,42,34.545456,14,0,0,0,0,1,0,0,29.0,30.791666666666668,48,0
2023-05-12 15:00:00,16.270247,0.3,26.64,11.525623,24.900002,44.909092,15,0,0,0,0,1,0,0,48.0,31.541666666666668,48,0
2023-05-12 16:00:00,16.340246,0,25.919998,10.495713,41,35.151512,16,0,0,0,0,1,0,0,48.0,32.291666666666664,77,0
2023-05-12 17:00:00,16.410246,0,25.199999,8.669949,32,40.606064,17,0,0,0,0,1,0,0,77.0,32.833333333333336,64,0
2023-05-12 18:00:00,15.460245,0.2,23.039999,7.9932976,38,36.969692,18,0,0,0,0,1,0,0,64.0,33.208333333333336,49,0
2023-05-12 19:00:00,14.070246,0.1,18.72,6.130579,28,42.074078,19,0,0,0,0,1,0,0,49.0,32.333333333333336,76,0
2023-05-12 20:00:00,13.690246,0,14.4,5.506941,26,0,20,0,0,0,0,1,0,0,76.0,33.083333333333336,70,0
2023-05-12 21:00:00,7.967806686615033,0,12.959999,6.5693827,20,0,21,0,0,0,0,1,0,0,70.0,32.958333333333336,66,0
2023-05-12 22:00:00,10.024544384903784,0,14.04,7.24486,38,0,22,0,0,0,0,1,0,0,66.0,34.625,49,0
2023-05-12 23:00:00,9.974435633586591,0,14.04,6.6185193,38,0,23,0,0,0,0,1,0,0,49.0,35.708333333333336,45,0
2023-05-13 00:00:00,9.735012760028415,0,13.679999,7.729527,25,0,0,0,0,0,0,0,1,0,45.0,36.708333333333336,21,0
2023-05-13 01:00:00,9.423657538709007,0,12.959999,7.172949,23.7,0,1,0,0,0,0,0,1,0,21.0,37.458333333333336,17,0
2023-05-13 02:00:00,9.286335137670012,0,12.599999,8.557102,23.1,0,2,0,0,0,0,0,1,0,17.0,38.083333333333336,10,0
2023-05-13 03:00:00,10.689065422558322,0,11.159999,6.725354,59,0,3,0,0,0,0,0,1,0,10.0,38.416666666666664,3,0
2023-05-13 04:00:00,11.253878104513554,0,10.799999,6.638072,77,1.4407407,4,0,0,0,0,0,1,0,3.0,38.5,3,0
2023-05-13 05:00:00,11.870245,0,11.5199995,6.87779,91,4.8484864,5,0,0,0,0,0,1,0,3.0,38.541666666666664,3,0
2023-05-13 06:00:00,12.340245,0,15.119999,8.209263,93,3.6363637,6,0,0,0,0,0,1,0,3.0,38.333333333333336,4,0
2023-05-13 07:00:00,13.090245,0,20.519999,8.373386,87,7.2727275,7,0,0,0,0,0,1,0,4.0,37.333333333333336,15,0
2023-05-13 08:00:00,13.840245,0,23.759998,8.225035,94,3.0303025,8,0,0,0,0,0,1,0,15.0,36.25,21,0
2023-05-13 09:00:00,13.940246,0.1,24.119999,8.891344,80,11.515152,9,0,0,0,0,0,1,0,21.0,34.833333333333336,17,0
2023-05-13 10:00:00,14.470245,0.1,25.919998,10.365251,63,21.818182,10,0,0,0,0,0,1,0,17.0,34.0,27,0
2023-05-13 11:00:00,14.860246,0.1,26.28,11.043261,50,29.69697,11,0,0,0,0,0,1,0,27.0,33.791666666666664,46,0
2023-05-13 12:00:00,15.430245,0.6,27,11.177405,56,26.060608,12,0,0,0,0,0,1,0,46.0,34.541666666666664,31,0
2023-05-13 13:00:00,15.620245,0.1,29.88,10.8955765,67,19.393942,13,0,0,0,0,0,1,0,31.0,34.958333333333336,61,0
2023-05-13 14:00:00,15.500245,1.3,33.48,10.829959,57,25.454548,14,0,0,0,0,0,1,0,61.0,36.291666666666664,57,0
2023-05-13 15:00:00,15.430245,1.2,33.48,11.090103,60,23.636362,15,0,0,0,0,0,1,0,57.0,36.666666666666664,55,0
2023-05-13 16:00:00,15.730246,0.2,32.399998,10.799999,52,28.48485,16,0,0,0,0,0,1,0,55.0,36.958333333333336,82,0
2023-05-13 17:00:00,15.530245,0,30.239998,8.714677,49,30.303032,17,0,0,0,0,0,1,0,82.0,37.166666666666664,72,0
2023-05-13 18:00:00,14.980246,0,25.199999,6.1094027,34,39.39394,18,0,0,0,0,0,1,0,72.0,37.5,64,0
2023-05-13 19:00:00,13.510245,0,15.4800005,5.95906,37,37.565323,19,0,0,0,0,0,1,0,64.0,38.125,66,0
2023-05-13 20:00:00,12.920245,0,13.32,6.151683,38,0.03080808,20,0,0,0,0,0,1,0,66.0,37.708333333333336,87,0
2023-05-13 21:00:00,11.950245,0,12.24,5.506941,31,0,21,0,0,0,0,0,1,0,87.0,38.416666666666664,86,0
2023-05-13 22:00:00,11.990245,0,11.5199995,5.1919937,57,0,22,0,0,0,0,0,1,0,86.0,39.25,55,0
2023-05-13 23:00:00,11.990245,0,11.5199995,4.5536795,20,0,23,0,0,0,0,0,1,0,55.0,39.5,42,0
2023-05-14 00:00:00,11.380245,0,11.159999,5.154415,18,0,0,0,0,0,0,0,0,1,42.0,39.375,20,0
2023-05-14 01:00:00,10.8102455,0,9.72,5.5887027,21,0,1,0,0,0,0,0,0,1,20.0,39.333333333333336,9,0
2023-05-14 02:00:00,10.420245,0,8.28,5.4477882,32,0,2,0,0,0,0,0,0,1,9.0,39.0,8,0
2023-05-14 03:00:00,10.050245,0,7.5599995,4.802999,73,0,3,0,0,0,0,0,0,1,8.0,38.916666666666664,4,0
2023-05-14 04:00:00,10.110246,0,7.92,4.0249224,71,2.2154882,4,0,0,0,0,0,0,1,4.0,38.958333333333336,3,0
2023-05-14 05:00:00,10.350245,0,9.36,3.6179552,70,17.575756,5,0,0,0,0,0,0,1,3.0,38.958333333333336,2,0
2023-05-14 06:00:00,11.250245,0.1,14.04,3.8773184,70,17.575756,6,0,0,0,0,0,0,1,2.0,38.916666666666664,6,0
2023-05-14 07:00:00,12.300245,0.2,16.919998,5.771239,89,6.060605,7,0,0,0,0,0,0,1,6.0,39.0,19,0
2023-05-14 08:00:00,13.480246,0,20.880001,7.2359104,81,10.909091,8,0,0,0,0,0,0,1,19.0,39.166666666666664,15,0
2023-05-14 09:00:00,14.400246,0,22.319998,7.5942073,79,12.121214,9,0,0,0,0,0,0,1,15.0,38.916666666666664,20,0
2023-05-14 10:00:00,14.830245,0,24.84,8.669949,72,16.363636,10,0,0,0,0,0,0,1,20.0,39.041666666666664,35,0
2023-05-14 11:00:00,15.500245,0.1,29.88,9.531505,67,19.393942,11,0,0,0,0,0,0,1,35.0,39.375,31,0
2023-05-14 12:00:00,16.060246,0.1,33.12,10.365251,68,18.78788,12,0,0,0,0,0,0,1,31.0,38.75,45,0
2023-05-14 13:00:00,16.970245,0.1,34.2,10.041354,46,32.121212,13,0,0,0,0,0,0,1,45.0,39.333333333333336,69,0
2023-05-14 14:00:00,17.210245,1.1,35.28,7.9932976,72,16.363636,14,0,0,0,0,0,0,1,69.0,39.666666666666664,48,0
2023-05-14 15:00:00,15.620245,0.9,34.2,6.87779,73,15.757578,15,0,0,0,0,0,0,1,48.0,39.291666666666664,63,0
2023-05-14 16:00:00,15.870245,0.2,26.64,9.178235,61,23.030302,16,0,0,0,0,0,0,1,63.0,39.625,92,0
2023-05-14 17:00:00,15.3102455,0.4,26.64,4.6938252,48,30.90909,17,0,0,0,0,0,0,1,92.0,40.041666666666664,92,0
2023-05-14 18:00:00,14.200245,0.3,23.759998,5.5887027,38,36.969692,18,0,0,0,0,0,0,1,92.0,40.875,67,0
2023-05-14 19:00:00,12.730246,0.2,14.759999,6.3690495,28,43.0303,19,0,0,0,0,0,0,1,67.0,41.0,95,0
2023-05-14 20:00:00,12.100245,0.4,15.4800005,4.896529,47,0.7178451,20,0,0,0,0,0,0,1,95.0,42.208333333333336,85,0
2023-05-14 21:00:00,11.700245,0.1,11.879999,2.6208394,39,0,21,0,0,0,0,0,0,1,85.0,42.125,49,0
2023-05-14 22:00:00,11.190246,0,11.159999,4.3349743,67,0,22,0,0,0,0,0,0,1,49.0,40.583333333333336,50,0
2023-05-14 23:00:00,10.910245,0,9,4.3349743,74,0,23,0,0,0,0,0,0,1,50.0,40.375,38,0
2023-05-15 00:00:00,10.660245,0,9.36,4.6938257,33,0,0,1,0,0,0,0,0,0,38.0,40.208333333333336,5,0
2023-05-15 01:00:00,10.350245,0,8.28,5.904439,24,0,1,1,0,0,0,0,0,0,5.0,39.583333333333336,2,0
2023-05-15 02:00:00,10.280245,0,9,5.95906,21,0,2,1,0,0,0,0,0,0,2.0,39.291666666666664,2,0
2023-05-15 04:00:00,9.660245,0,9,3.6179552,39,5.5656567,4,1,0,0,0,0,0,0,2.0,39.041666666666664,2,0
2023-05-15 05:00:00,10.150246,0.1,15.119999,4.73506,53,27.878788,5,1,0,0,0,0,0,0,2.0,38.958333333333336,9,0
2023-05-15 06:00:00,11.020246,1.3,20.880001,3.7585104,64,21.212122,6,1,0,0,0,0,0,0,9.0,39.208333333333336,24,1
2023-05-15 07:00:00,11.980246,0.2,15.84,3.8268526,42,34.545456,7,1,0,0,0,0,0,0,24.0,40.125,36,1
2023-05-15 08:00:00,13.300245,0.1,20.880001,3.319036,27,43.636364,8,1,0,0,0,0,0,0,36.0,41.375,52,1
2023-05-15 09:00:00,14.800245,0.2,24.48,3.2399998,44,33.333336,9,1,0,0,0,0,0,0,52.0,42.75,43,1
2023-05-15 10:00:00,15.650246,0.2,25.56,4.1046314,94,3.0303025,10,1,0,0,0,0,0,0,43.0,43.916666666666664,24,0
2023-05-15 11:00:00,16.410246,0.1,25.199999,2.2768397,81,10.909091,11,1,0,0,0,0,0,0,24.0,44.083333333333336,21,0
2023-05-15 12:00:00,17.070246,0.2,27,1.9386592,61,23.030302,12,1,0,0,0,0,0,0,21.0,43.5,29,0
2023-05-15 13:00:00,17.000246,0.3,26.64,2.2768397,62,22.424244,13,1,0,0,0,0,0,0,29.0,43.416666666666664,41,0
2023-05-15 14:00:00,16.370245,1.6,25.199999,2.7416782,64,21.212122,14,1,0,0,0,0,0,0,41.0,43.25,34,0
2023-05-15 15:00:00,16.250246,0.8,24.48,4.8965297,66,19.999998,15,1,0,0,0,0,0,0,34.0,41.791666666666664,32,0
2023-05-15 16:00:00,16.270247,2.2,24.119999,7.4128532,66,19.999998,16,1,0,0,0,0,0,0,32.0,41.125,38,0
2023-05-15 17:00:00,14.240245,2.1,23.759998,4.802999,58,24.848484,17,1,0,0,0,0,0,0,38.0,40.083333333333336,30,0
2023-05-15 18:00:00,13.950245,1.3,21.599998,5.4477882,73,15.757578,18,1,0,0,0,0,0,0,30.0,37.5,50,0
2023-05-15 19:00:00,13.150246,0.8,18.72,5.0911684,62,22.424244,19,1,0,0,0,0,0,0,50.0,35.75,66,0
2023-05-15 20:00:00,12.120245,0.6,14.759999,4.452954,51,1.309091,20,1,0,0,0,0,0,0,66.0,35.708333333333336,69,0
2023-05-15 21:00:00,11.570246,0.5,13.679999,4.5536795,65,0,21,1,0,0,0,0,0,0,69.0,34.625,47,0
2023-05-15 22:00:00,11.8102455,0.2,10.799999,4.6938257,48,0,22,1,0,0,0,0,0,0,47.0,33.041666666666664,23,0
2023-05-15 23:00:00,11.830245,0,10.440001,5.634891,48,0,23,1,0,0,0,0,0,0,23.0,31.958333333333332,22,0
2023-05-16 00:00:00,11.620245,0,11.159999,4.0249224,44,0,0,0,1,0,0,0,0,0,22.0,30.791666666666668,3,0
2023-05-16 01:00:00,11.620245,0,11.159999,5.0911684,48,0,1,0,1,0,0,0,0,0,3.0,29.333333333333332,2,0
2023-05-16 02:00:00,11.270246,0,12.599999,4.6938257,40,0,2,0,1,0,0,0,0,0,2.0,29.208333333333332,2,0
2023-05-16 03:00:00,11.670245,0.2,18.72,5.815978,81,0,3,0,1,0,0,0,0,0,2.0,29.208333333333332,1,0
2023-05-16 04:00:00,11.480246,0,24.84,6.379216,72,2.8499997,4,0,1,0,0,0,0,0,1.0,29.166666666666668,2,0
2023-05-16 05:00:00,11.380245,0.1,27.72,9.47012,71,16.969696,5,0,1,0,0,0,0,0,2.0,29.166666666666668,8,0
2023-05-16 06:00:00,11.200245,0.1,30.599998,11.901798,57,25.454548,6,0,1,0,0,0,0,0,8.0,29.125,31,0
2023-05-16 07:00:00,11.190246,0.4,31.68,14.4,89,6.060605,7,0,1,0,0,0,0,0,31.0,29.416666666666668,24,0
2023-05-16 08:00:00,11.450245,0.1,34.56,16.263872,96,1.8181801,8,0,1,0,0,0,0,0,24.0,28.916666666666668,28,0
2023-05-16 09:00:00,11.700245,0.2,36.719997,15.496736,55,26.666664,9,0,1,0,0,0,0,0,28.0,27.916666666666668,32,0
2023-05-16 10:00:00,11.480246,0,35.28,12.144331,76,13.939394,10,0,1,0,0,0,0,0,32.0,27.458333333333332,33,0
2023-05-16 11:00:00,12.030245,0.1,33.839996,14.241629,76,13.939394,11,0,1,0,0,0,0,0,33.0,27.833333333333332,34,0
2023-05-16 12:00:00,12.250245,0.2,38.16,17.581125,65,20.60606,12,0,1,0,0,0,0,0,34.0,28.375,20,0
2023-05-16 13:00:00,12.430245,0.2,42.12,20.532627,88,6.666666,13,0,1,0,0,0,0,0,20.0,28.0,24,0
2023-05-16 14:00:00,12.410245,0.1,43.92,19.493261,89,6.060605,14,0,1,0,0,0,0,0,24.0,27.291666666666668,37,0
2023-05-16 15:00:00,12.100245,0.2,48.96,18.359999,88,6.666666,15,0,1,0,0,0,0,0,37.0,27.416666666666668,30,0
2023-05-16 16:00:00,12.090245,0.1,48.239998,17.294992,77,13.333332,16,0,1,0,0,0,0,0,30.0,27.333333333333332,41,0
2023-05-16 17:00:00,12.020246,0,45,16.56,66,19.999998,17,0,1,0,0,0,0,0,41.0,27.458333333333332,55,0
2023-05-16 18:00:00,11.620245,0,41.039997,15.517629,76,13.939394,18,0,1,0,0,0,0,0,55.0,28.5,62,0
2023-05-16 19:00:00,11.250245,0,35.64,14.113653,84,9.090908,19,0,1,0,0,0,0,0,62.0,29.0,63,0
2023-05-16 20:00:00,10.940246,0,32.760002,13.004921,96,0.1191918,20,0,1,0,0,0,0,0,63.0,28.875,58,0
2023-05-16 21:00:00,10.530245,0,30.960001,12.979984,93,0,21,0,1,0,0,0,0,0,58.0,28.416666666666668,54,0
2023-05-16 22:00:00,10.050245,0,30.239998,10.739833,96,0,22,0,1,0,0,0,0,0,54.0,28.708333333333332,20,0
2023-05-16 23:00:00,9.630245,0,30.239998,10.08,95,0,23,0,1,0,0,0,0,0,20.0,28.583333333333332,23,0
2023-05-17 00:00:00,9.090245,0,29.519999,10.853866,88,0,0,0,0,1,0,0,0,0,23.0,28.625,4,0
2023-05-17 01:00:00,8.690246,0,28.08,11.525623,77,0,1,0,0,1,0,0,0,0,4.0,28.666666666666668,1,0
2023-05-17 03:00:00,7.8902454,0,25.919998,10.182337,66,0,3,0,0,1,0,0,0,0,1.0,28.625,1,0
2023-05-17 04:00:00,7.520245,0,24.84,10.538843,45,6.3363633,4,0,0,1,0,0,0,0,1.0,28.583333333333332,2,0
2023-05-17 05:00:00,7.8302455,0,25.199999,11.720751,31,41.21212,5,0,0,1,0,0,0,0,2.0,28.625,7,0
2023-05-17 06:00:00,8.880245,0,28.8,13.009903,31,41.21212,6,0,0,1,0,0,0,0,7.0,28.833333333333332,24,0
2023-05-17 07:00:00,10.140245,0,34.92,14.707222,14,51.51515,7,0,0,1,0,0,0,0,24.0,29.5,37,0
2023-05-17 08:00:00,11.640245,0,39.239998,18.289274,43,33.939392,8,0,0,1,0,0,0,0,37.0,29.75,28,0
2023-05-17 09:00:00,12.500245,0,42.12,18.947083,96,1.8181801,9,0,0,1,0,0,0,0,28.0,29.916666666666668,36,0
2023-05-17 10:00:00,13.330245,0,42.12,18.79255,75,14.545455,10,0,0,1,0,0,0,0,36.0,30.25,25,0
2023-05-17 11:00:00,13.020485995409077,0,41.399998,19.586119,71,16.969696,11,0,0,1,0,0,0,0,25.0,29.958333333333332,26,0
2023-05-17 12:00:00,12.81899171333782,0,41.399998,19.08,85,8.48485,12,0,0,1,0,0,0,0,26.0,29.666666666666668,19,0
2023-05-17 13:00:00,13.401398241237459,0,42.839996,19.022177,95,2.4242413,13,0,0,1,0,0,0,0,19.0,29.041666666666668,20,0
2023-05-17 14:00:00,14.710245,0,43.92,18.057508,75,14.545455,14,0,0,1,0,0,0,0,20.0,29.041666666666668,22,0
2023-05-17 15:00:00,14.720245,0,45,18.25026,79,12.121214,15,0,0,1,0,0,0,0,22.0,28.958333333333332,42,0
2023-05-17 16:00:00,14.200245,0,43.92,16.595179,73,15.757578,16,0,0,1,0,0,0,0,42.0,29.166666666666668,66,0
2023-05-17 17:00:00,13.800245,0,41.760002,15.2947035,77,13.333332,17,0,0,1,0,0,0,0,66.0,30.666666666666668,45,0
2023-05-17 18:00:00,13.000245,0,36.36,13.1041975,55,26.666664,18,0,0,1,0,0,0,0,45.0,30.833333333333332,51,0
2023-05-17 19:00:00,11.960245,0,29.88,12.0694,30,41.81818,19,0,0,1,0,0,0,0,51.0,30.666666666666668,95,0
2023-05-17 20:00:00,11.030245,0,27.72,11.726277,17.7,4.256616,20,0,0,1,0,0,0,0,95.0,32.041666666666664,46,0
2023-05-17 21:00:00,10.180245,0,25.919998,9.904906,12,0,21,0,0,1,0,0,0,0,46.0,31.333333333333332,29,0
2023-05-17 22:00:00,8.780245,0,22.319998,10.883676,26,0,22,0,0,1,0,0,0,0,29.0,30.125,24,0
2023-05-17 23:00:00,8.150246,0,20.519999,9.19939,39,0,23,0,0,1,0,0,0,0,24.0,28.875,13,0
2023-05-18 00:00:00,7.5802455,0,19.8,7.729527,55,0,0,0,0,0,1,0,0,0,13.0,28.583333333333332,5,0
2023-05-18 01:00:00,6.8202453,0,19.44,7.289444,55,0,1,0,0,0,1,0,0,0,5.0,27.833333333333332,1,0
2023-05-18 02:00:00,6.2402453,0,18.72,7.072878,48,0,2,0,0,0,1,0,0,0,1.0,27.708333333333332,3,0
2023-05-18 03:00:00,5.920245,0,18.359999,7.69592,52,0,3,0,0,0,1,0,0,0,3.0,27.791666666666668,1,0
2023-05-18 04:00:00,5.8202453,0,18.359999,8.4042845,16,10.71734,4,0,0,0,1,0,0,0,1.0,27.791666666666668,2,0
2023-05-18 05:00:00,7.400245,0,19.08,9.114471,12.900001,52.18182,5,0,0,0,1,0,0,0,2.0,27.791666666666668,11,0
2023-05-18 06:00:00,9.110246,0,21.96,9.9571085,1.2,59.272728,6,0,0,0,1,0,0,0,11.0,27.958333333333332,31,0
2023-05-18 07:00:00,10.780245,0,28.08,11.753877,0.6,59.636364,7,0,0,0,1,0,0,0,31.0,28.25,22,0
2023-05-18 08:00:00,12.510245,0,33.12,14.84318,44,33.333336,8,0,0,0,1,0,0,0,22.0,27.625,36,0
2023-05-18 09:00:00,14.250245,0,36,16.981165,84,9.090908,9,0,0,0,1,0,0,0,36.0,27.958333333333332,33,0
2023-05-18 10:00:00,15.200245,0,37.079998,13.397612,87,7.2727275,10,0,0,0,1,0,0,0,33.0,27.833333333333332,22,0
2023-05-18 11:00:00,15.860246,0,36.719997,16.563911,99,0,11,0,0,0,1,0,0,0,22.0,27.708333333333332,28,0
2023-05-18 12:00:00,16.320246,0,36.36,14.618837,100,0,12,0,0,0,1,0,0,0,28.0,27.791666666666668,21,0
2023-05-18 13:00:00,16.540245,0,36,12.287555,91,4.8484864,13,0,0,0,1,0,0,0,21.0,27.875,36,0
2023-05-18 14:00:00,16.580246,0,34.2,12.4811535,93,3.6363637,14,0,0,0,1,0,0,0,36.0,28.541666666666668,43,0
2023-05-18 15:00:00,16.450245,0,32.039997,13.237038,93,3.6363637,15,0,0,0,1,0,0,0,43.0,29.416666666666668,41,0
2023-05-18 16:00:00,16.060246,0,29.16,13.104198,92,4.242425,16,0,0,0,1,0,0,0,41.0,29.375,40,0
2023-05-18 17:00:00,15.520246,0,25.199999,9.1641035,88,6.666666,17,0,0,0,1,0,0,0,40.0,28.291666666666668,38,0
2023-05-18 18:00:00,14.840245,0,22.68,6.297428,77,13.333332,18,0,0,0,1,0,0,0,38.0,28.0,65,0
2023-05-18 19:00:00,13.730246,0,17.28,7.8954163,81,10.909091,19,0,0,0,1,0,0,0,65.0,28.583333333333332,52,0
2023-05-18 20:00:00,12.910245,0,16.919998,8.089993,77,1.4296296,20,0,0,0,1,0,0,0,52.0,26.791666666666668,44,0
2023-05-18 21:00:00,12.230246,0,17.64,8.225035,72,0,21,0,0,0,1,0,0,0,44.0,26.708333333333332,37,0
2023-05-18 22:00:00,12.770246,0,16.919998,8.209263,48,0,22,0,0,0,1,0,0,0,37.0,27.041666666666668,28,0
2023-05-18 23:00:00,11.830245,0,17.28,8.891344,32,0,23,0,0,0,1,0,0,0,28.0,27.208333333333332,12,0
2023-05-19 00:00:00,11.320246,0,17.28,8.287822,32,0,0,0,0,0,0,1,0,0,12.0,27.166666666666668,5,0
2023-05-19 01:00:00,10.790245,0,17.64,8.049845,20,0,1,0,0,0,0,1,0,0,5.0,27.166666666666668,2,0
2023-05-19 02:00:00,9.760245,0,17.64,8.373386,17.7,0,2,0,0,0,0,1,0,0,2.0,27.208333333333332,2,0
2023-05-19 03:00:00,9.520246,0,17.64,8.225035,21,0,3,0,0,0,0,1,0,0,2.0,27.166666666666668,1,0
2023-05-19 04:00:00,9.320246,0,17.28,7.968939,47,7.336027,4,0,0,0,0,1,0,0,1.0,27.166666666666668,1,0
2023-05-19 05:00:00,10.290245,0,16.919998,6.0347,27.6,43.272728,5,0,0,0,0,1,0,0,1.0,27.125,9,0
2023-05-19 06:00:00,11.400246,0,17.28,7.072878,23.400002,45.81818,6,0,0,0,0,1,0,0,9.0,27.041666666666668,26,0
2023-05-19 07:00:00,12.610246,0,22.319998,9.19939,16.800001,49.81818,7,0,0,0,0,1,0,0,26.0,26.833333333333332,38,0
2023-05-19 08:00:00,14.010245,0,27,11.753876,71,16.969696,8,0,0,0,0,1,0,0,38.0,27.5,44,0
2023-05-19 09:00:00,15.040245,0,29.16,12.229406,97,1.2121224,9,0,0,0,0,1,0,0,44.0,27.833333333333332,32,0
2023-05-19 10:00:00,15.880245,0,29.16,11.792404,79,12.121214,10,0,0,0,0,1,0,0,32.0,27.791666666666668,35,0
2023-05-19 11:00:00,16.340246,0,28.08,15.192682,89,6.060605,11,0,0,0,0,1,0,0,35.0,28.333333333333332,24,0
2023-05-19 12:00:00,16.350246,0,28.08,14.565548,100,0,12,0,0,0,0,1,0,0,24.0,28.166666666666668,17,0
2023-05-19 13:00:00,16.360247,0,29.16,13.324863,94,3.0303025,13,0,0,0,0,1,0,0,17.0,28.0,28,0
2023-05-19 14:00:00,16.300245,0,32.039997,12.979984,98,0.6060612,14,0,0,0,0,1,0,0,28.0,27.666666666666668,30,0
2023-05-19 15:00:00,16.070246,0,32.760002,12.287555,87,7.2727275,15,0,0,0,0,1,0,0,30.0,27.125,50,0
2023-05-19 16:00:00,15.950245,0,31.319998,11.631956,92,4.242425,16,0,0,0,0,1,0,0,50.0,27.5,62,0
2023-05-19 17:00:00,15.550245,0,28.08,10.365251,93,3.6363637,17,0,0,0,0,1,0,0,62.0,28.416666666666668,57,0
2023-05-19 18:00:00,15.000245,0,26.28,8.427383,96,1.8181801,18,0,0,0,0,1,0,0,57.0,29.208333333333332,104,0
2023-05-19 19:00:00,14.490245,0,19.44,6.830519,96,1.8181801,19,0,0,0,0,1,0,0,104.0,30.833333333333332,74,0
2023-05-19 20:00:00,13.970245,0,15.84,6.0347,81,1.3969697,20,0,0,0,0,1,0,0,74.0,31.75,89,0
2023-05-19 21:00:00,13.420245,0,14.4,6.489992,69,0,21,0,0,0,0,1,0,0,89.0,33.625,72,0
2023-05-19 22:00:00,12.720245,0,15.119999,7.072878,70,0,22,0,0,0,0,1,0,0,72.0,35.083333333333336,60,0
2023-05-19 23:00:00,12.840245,0,14.759999,6.5693827,69,0,23,0,0,0,0,1,0,0,60.0,36.416666666666664,31,0
2023-05-20 00:00:00,12.620245,0.3,16.56,6.519877,78,0,0,0,0,0,0,0,1,0,31.0,37.208333333333336,20,0
2023-05-20 01:00:00,12.030245,0.1,16.199999,6.87779,76,0,1,0,0,0,0,0,1,0,20.0,37.833333333333336,15,0
2023-05-20 02:00:00,11.940246,0,15.84,6.489992,73,0,2,0,0,0,0,0,1,0,15.0,38.375,11,0
2023-05-20 03:00:00,11.940246,0,15.84,6.519877,67,0,3,0,0,0,0,0,1,0,11.0,38.75,3,0
2023-05-20 04:00:00,11.830245,0,15.84,6.12,54,6.886363,4,0,0,0,0,0,1,0,3.0,38.833333333333336,3,0
2023-05-20 05:00:00,12.350245,0,15.4800005,6.489992,54,27.272726,5,0,0,0,0,0,1,0,3.0,38.916666666666664,3,0
2023-05-20 06:00:00,13.110246,0,16.56,6.849467,64,21.212122,6,0,0,0,0,0,1,0,3.0,38.666666666666664,4,0
2023-05-20 07:00:00,14.070246,0,22.319998,8.654986,67,19.393942,7,0,0,0,0,0,1,0,4.0,37.75,15,0
2023-05-20 08:00:00,14.740245,0,28.44,12.475961,88,6.666666,8,0,0,0,0,0,1,0,15.0,36.791666666666664,25,0
2023-05-20 09:00:00,15.850245,0,29.16,12.599998,100,0,9,0,0,0,0,0,1,0,25.0,36.0,24,0
2023-05-20 10:00:00,16.490246,0,28.08,11.435313,91,4.8484864,10,0,0,0,0,0,1,0,24.0,35.666666666666664,31,0
2023-05-20 11:00:00,17.050245,0,27,14.982228,96,1.8181801,11,0,0,0,0,0,1,0,31.0,35.5,36,0
2023-05-20 12:00:00,17.800245,0,28.08,13.551501,100,0,12,0,0,0,0,0,1,0,36.0,36.0,30,0
2023-05-20 13:00:00,18.400246,0,28.44,10.296251,100,0,13,0,0,0,0,0,1,0,30.0,36.541666666666664,72,0
2023-05-20 14:00:00,18.780245,0,29.16,8.049845,95,2.4242413,14,0,0,0,0,0,1,0,72.0,38.375,73,0
2023-05-20 15:00:00,18.730246,0,28.8,9.793058,78,12.727271,15,0,0,0,0,0,1,0,73.0,40.166666666666664,79,0
2023-05-20 16:00:00,18.620245,0,28.8,9.531505,93,3.6363637,16,0,0,0,0,0,1,0,79.0,41.375,63,0
2023-05-20 17:00:00,18.290245,0,27.359999,8.287822,98,0.6060612,17,0,0,0,0,0,1,0,63.0,41.416666666666664,71,0
2023-05-20 18:00:00,17.830246,0,24.48,7.208994,95,2.4242413,18,0,0,0,0,0,1,0,71.0,42.0,91,0
2023-05-20 19:00:00,16.460245,0,17.28,7.5599995,30.000002,41.81818,19,0,0,0,0,0,1,0,91.0,41.458333333333336,93,0
2023-05-20 20:00:00,15.630245,0,17.64,8.311245,29.400002,6.280404,20,0,0,0,0,0,1,0,93.0,42.25,103,0
2023-05-20 21:00:00,14.450245,0,17.28,7.5942073,29.1,0,21,0,0,0,0,0,1,0,103.0,42.833333333333336,78,0
2023-05-20 22:00:00,13.8102455,0,16.56,7.342588,50,0,22,0,0,0,0,0,1,0,78.0,43.083333333333336,87,0
2023-05-20 23:00:00,13.230246,0,15.84,6.6185193,40,0,23,0,0,0,0,0,1,0,87.0,44.208333333333336,47,0
2023-05-21 00:00:00,12.980246,0,15.4800005,4.510787,48,0,0,0,0,0,0,0,0,1,47.0,44.875,34,0
2023-05-21 01:00:00,13.400246,0,14.04,4.5536795,29.400002,0,1,0,0,0,0,0,0,1,34.0,45.458333333333336,18,0
2023-05-21 02:00:00,13.010245,0,11.5199995,4.5536795,30.000002,0,2,0,0,0,0,0,0,1,18.0,45.583333333333336,5,0
2023-05-21 03:00:00,12.800245,0,10.08,5.1544156,30.000002,0,3,0,0,0,0,0,0,1,5.0,45.333333333333336,5,0
2023-05-21 04:00:00,12.780245,0,9.36,3.7585104,58,6.729798,4,0,0,0,0,0,0,1,5.0,45.416666666666664,4,0
2023-05-21 05:00:00,12.220245,0,8.64,1.609969,58,24.848484,5,0,0,0,0,0,0,1,4.0,45.458333333333336,3,0
2023-05-21 06:00:00,13.510245,0,10.440001,1.5273507,71,16.969696,6,0,0,0,0,0,0,1,3.0,45.458333333333336,5,0
2023-05-21 07:00:00,15.180245,0,12.24,2.4149535,61,23.030302,7,0,0,0,0,0,0,1,5.0,45.5,12,0
2023-05-21 08:00:00,17.220245,0,15.119999,3.319036,7.8,55.272728,8,0,0,0,0,0,0,1,12.0,45.375,27,0
2023-05-21 09:00:00,18.960245,0,17.28,3.671294,52,28.48485,9,0,0,0,0,0,0,1,27.0,45.458333333333336,29,0
2023-05-21 10:00:00,20.730246,0,18,3.4152596,18,49.090908,10,0,0,0,0,0,0,1,29.0,45.666666666666664,34,0
2023-05-21 11:00:00,21.900246,0,17.64,5.3517847,10,53.939396,11,0,0,0,0,0,0,1,34.0,45.791666666666664,37,0
2023-05-21 12:00:00,23.190245,0,22.68,6.9899354,15,50.909096,12,0,0,0,0,0,0,1,37.0,45.833333333333336,45,0
2023-05-21 13:00:00,24.030245,0,24.119999,7.342588,23,46.060608,13,0,0,0,0,0,0,1,45.0,46.458333333333336,60,0
2023-05-21 14:00:00,24.410246,0,24.48,7.2805495,32,40.606064,14,0,0,0,0,0,0,1,60.0,45.958333333333336,67,0
2023-05-21 15:00:00,24.340246,0,24.119999,8.287822,23,46.060608,15,0,0,0,0,0,0,1,67.0,45.708333333333336,97,0
2023-05-21 16:00:00,23.920246,0,23.4,9.826088,40,35.757576,16,0,0,0,0,0,0,1,97.0,46.458333333333336,72,0
2023-05-21 17:00:00,22.540245,0,22.68,6.162207,28.500002,42.727272,17,0,0,0,0,0,0,1,72.0,46.833333333333336,140,0
2023-05-21 18:00:00,20.750246,0.5,16.56,3.0758414,29.7,42,18,0,0,0,0,0,0,1,140.0,49.708333333333336,90,0
2023-05-21 19:00:00,19.090246,0,11.159999,5.8603754,29.7,42,19,0,0,0,0,0,0,1,90.0,49.666666666666664,107,0
2023-05-21 20:00:00,17.980246,0,11.5199995,5.4833565,29.7,7.0699997,20,0,0,0,0,0,0,1,107.0,50.25,100,0
2023-05-21 21:00:00,16.700245,0,10.799999,4.32,29.400002,0,21,0,0,0,0,0,0,1,100.0,50.125,67,0
2023-05-21 22:00:00,17.250246,0,11.159999,6.28713,33,0,22,0,0,0,0,0,0,1,67.0,49.666666666666664,55,0
2023-05-21 23:00:00,16.940245,0,10.08,5.991594,37,0,23,0,0,0,0,0,0,1,55.0,48.333333333333336,37,0
2023-05-22 00:00:00,15.530245,0,8.28,5.1165614,28.500002,0,0,1,0,0,0,0,0,0,37.0,47.916666666666664,6,0
2023-05-22 01:00:00,15.350245,0,9.36,5.315336,27,0,1,1,0,0,0,0,0,0,6.0,46.75,3,0
2023-05-22 02:00:00,14.540245,0,10.08,4.802999,25,0,2,1,0,0,0,0,0,0,3.0,46.125,2,0
2023-05-22 03:00:00,13.980246,0,9.72,3.2599385,24,0,3,1,0,0,0,0,0,0,2.0,46.0,2,0
2023-05-22 04:00:00,14.0602455,0,9.36,3.9763298,17,14.287878,4,1,0,0,0,0,0,0,2.0,45.875,2,0
2023-05-22 05:00:00,14.980246,0,10.799999,4.73506,25,44.848488,5,1,0,0,0,0,0,0,2.0,45.791666666666664,9,0
2023-05-22 06:00:00,16.720245,0,12.599999,4.3349743,25,44.848488,6,1,0,0,0,0,0,0,9.0,46.041666666666664,31,1
2023-05-22 07:00:00,18.660246,0,13.679999,4.198285,17,49.696968,7,1,0,0,0,0,0,0,31.0,47.125,41,1
2023-05-22 08:00:00,20.550245,0,13.679999,3.396233,14,51.51515,8,1,0,0,0,0,0,0,41.0,48.333333333333336,49,1
2023-05-22 09:00:00,22.000246,0,14.4,3.6179552,7,55.757576,9,1,0,0,0,0,0,0,49.0,49.25,41,1
2023-05-22 10:00:00,23.200245,0,16.56,3.4152596,8,55.151512,10,1,0,0,0,0,0,0,41.0,49.75,33,0
2023-05-22 11:00:00,24.150246,0,18.359999,3.8939953,4,57.575756,11,1,0,0,0,0,0,0,33.0,49.708333333333336,36,0
2023-05-22 12:00:00,24.910246,0,18,4.8965297,4,57.575756,12,1,0,0,0,0,0,0,36.0,49.666666666666664,27,0
2023-05-22 13:00:00,25.420246,0.1,18,6.792466,9,54.545452,13,1,0,0,0,0,0,0,27.0,48.916666666666664,36,0
2023-05-22 14:00:00,26.090246,0.6,21.599998,3.7064266,18,49.090908,14,1,0,0,0,0,0,0,36.0,47.916666666666664,38,0
2023-05-22 15:00:00,25.120245,0.5,23.039999,3.96,19,48.484848,15,1,0,0,0,0,0,0,38.0,46.708333333333336,44,0
2023-05-22 16:00:00,24.460245,0,21.599998,5.8603754,17.400002,49.454544,16,1,0,0,0,0,0,0,44.0,44.5,63,0
2023-05-22 17:00:00,23.740246,0.3,14.04,7.5170207,22.800001,46.181816,17,1,0,0,0,0,0,0,63.0,44.125,49,0
2023-05-22 18:00:00,22.090246,0,14.04,4.5536795,25.800001,44.363636,18,1,0,0,0,0,0,0,49.0,40.333333333333336,64,0
2023-05-22 19:00:00,20.760244,0.2,11.5199995,5.3517847,26.1,44.18182,19,1,0,0,0,0,0,0,64.0,39.25,58,0
2023-05-22 20:00:00,18.960245,0,12.24,6.8777895,28.2,8.045455,20,1,0,0,0,0,0,0,58.0,37.208333333333336,81,0
2023-05-22 21:00:00,18.130245,0,13.32,5.815978,41,0,21,1,0,0,0,0,0,0,81.0,36.416666666666664,39,0
2023-05-22 22:00:00,17.880245,0,12.959999,8.891343,28.2,0,22,1,0,0,0,0,0,0,39.0,35.25,37,0
2023-05-22 23:00:00,17.950245,0,11.5199995,1.2979984,28.2,0,23,1,0,0,0,0,0,0,37.0,34.5,21,0
2023-05-23 00:00:00,17.470245,0.1,11.159999,3.96,29.400002,0,0,0,1,0,0,0,0,0,21.0,33.833333333333336,6,0
2023-05-23 01:00:00,16.440247,0,12.24,6.1305785,60,0,1,0,1,0,0,0,0,0,6.0,33.833333333333336,3,0
2023-05-23 02:00:00,16.540245,0,12.959999,6.130579,29.400002,0,2,0,1,0,0,0,0,0,3.0,33.833333333333336,2,0
2023-05-23 03:00:00,16.350246,0,12.959999,1.835647,29.1,0,3,0,1,0,0,0,0,0,2.0,33.833333333333336,1,0
2023-05-23 04:00:00,15.990245,0,11.879999,1.8,32,12.351011,4,0,1,0,0,0,0,0,1.0,33.791666666666664,1,0
2023-05-23 05:00:00,16.580246,0,12.959999,4.379589,66,19.999998,5,0,1,0,0,0,0,0,1.0,33.75,12,0
2023-05-23 06:00:00,17.220245,0,18.72,5.506941,53,27.878788,6,0,1,0,0,0,0,0,12.0,33.875,29,0
2023-05-23 07:00:00,17.800245,0,21.599998,9.028754,76,13.939394,7,0,1,0,0,0,0,0,29.0,33.791666666666664,33,0
2023-05-23 08:00:00,18.000246,0,25.56,10.538843,96,1.8181801,8,0,1,0,0,0,0,0,33.0,33.458333333333336,45,0
2023-05-23 09:00:00,18.540245,0.1,29.519999,11.570515,64,21.212122,9,0,1,0,0,0,0,0,45.0,33.291666666666664,37,0
2023-05-23 10:00:00,19.460245,0,30.960001,10.703569,42,34.545456,10,0,1,0,0,0,0,0,37.0,33.125,17,0
2023-05-23 11:00:00,20.150246,0,30.960001,11.252519,35,38.78788,11,0,1,0,0,0,0,0,17.0,32.458333333333336,25,0
2023-05-23 12:00:00,20.660246,0,29.519999,12.7279215,30,41.81818,12,0,1,0,0,0,0,0,25.0,32.0,29,0
2023-05-23 13:00:00,21.110245,0,30.599998,13.397612,25,44.848488,13,0,1,0,0,0,0,0,29.0,32.083333333333336,27,0
2023-05-23 14:00:00,21.320246,0,33.839996,14.512064,21,47.272724,14,0,1,0,0,0,0,0,27.0,31.708333333333332,40,0
2023-05-23 15:00:00,21.390245,0,33.839996,16.808569,13,52.121212,15,0,1,0,0,0,0,0,40.0,31.791666666666668,42,0
2023-05-23 16:00:00,21.180244,0,34.56,15.827721,21,47.272724,16,0,1,0,0,0,0,0,42.0,31.708333333333332,45,0
2023-05-23 17:00:00,20.590246,0,33.839996,14.332341,22,46.666668,17,0,1,0,0,0,0,0,45.0,30.958333333333332,63,0
2023-05-23 18:00:00,19.430244,0,30.599998,14.264361,24,45.454544,18,0,1,0,0,0,0,0,63.0,31.541666666666668,89,0
2023-05-23 19:00:00,18.030245,0,33.48,12.783802,34,39.39394,19,0,1,0,0,0,0,0,89.0,32.583333333333336,52,0
2023-05-23 20:00:00,16.880245,0,30.239998,12.015589,51,6.020202,20,0,1,0,0,0,0,0,52.0,32.333333333333336,37,0
2023-05-23 21:00:00,16.020247,0,27.72,11.609651,45,0,21,0,1,0,0,0,0,0,37.0,30.5,46,0
2023-05-23 22:00:00,15.300245,0,25.56,11.720751,64,0,22,0,1,0,0,0,0,0,46.0,30.791666666666668,19,0
2023-05-23 23:00:00,14.600245,0,24.84,11.367109,59,0,23,0,1,0,0,0,0,0,19.0,30.041666666666668,18,0
2023-05-24 00:00:00,14.000245,0,23.4,9.779817,50,0,0,0,0,1,0,0,0,0,18.0,29.916666666666668,5,0
2023-05-24 01:00:00,13.260245,0,22.319998,9,62,0,1,0,0,1,0,0,0,0,5.0,29.875,2,0
2023-05-24 02:00:00,12.900246,0,21.599998,8.647496,51,0,2,0,0,1,0,0,0,0,2.0,29.833333333333332,2,0
2023-05-24 03:00:00,12.460245,0,21.24,9.36,63,0,3,0,0,1,0,0,0,0,2.0,29.833333333333332,1,0
2023-05-24 04:00:00,12.210245,0,20.519999,9.3669195,70,5.638889,4,0,0,1,0,0,0,0,1.0,29.833333333333332,1,0
2023-05-24 05:00:00,12.330245,0,22.319998,10.086427,64,21.212122,5,0,0,1,0,0,0,0,1.0,29.833333333333332,9,0
2023-05-24 06:00:00,12.5602455,0,24.48,11.609651,75,14.545455,6,0,0,1,0,0,0,0,9.0,29.708333333333332,35,0
2023-05-24 07:00:00,13.0602455,0,27.72,12.144331,85,8.48485,7,0,0,1,0,0,0,0,35.0,29.958333333333332,48,0
2023-05-24 08:00:00,13.300245,0,30.239998,13.441071,88,6.666666,8,0,0,1,0,0,0,0,48.0,30.583333333333332,35,0
2023-05-24 09:00:00,13.320246,0,33.839996,13.5515,90,5.454544,9,0,0,1,0,0,0,0,35.0,30.166666666666668,29,0
2023-05-24 10:00:00,14.130245,0,33.839996,13.75558,75,14.545455,10,0,0,1,0,0,0,0,29.0,29.833333333333332,20,0
2023-05-24 11:00:00,15.030245,0,34.92,14.618837,50,29.69697,11,0,0,1,0,0,0,0,20.0,29.958333333333332,22,0
2023-05-24 12:00:00,15.470245,0,35.64,14.84318,35,38.78788,12,0,0,1,0,0,0,0,22.0,29.833333333333332,24,0
2023-05-24 13:00:00,15.960245,0,35.64,14.408997,36,38.181816,13,0,0,1,0,0,0,0,24.0,29.625,20,0
2023-05-24 14:00:00,16.570246,0,33.839996,11.27553,43,33.939392,14,0,0,1,0,0,0,0,20.0,29.333333333333332,26,0
2023-05-24 15:00:00,16.700245,0,31.319998,10.829959,14,51.51515,15,0,0,1,0,0,0,0,26.0,28.75,60,0
2023-05-24 16:00:00,16.740246,0,32.039997,13.797912,38,36.969692,16,0,0,1,0,0,0,0,60.0,29.5,61,0
2023-05-24 17:00:00,16.150246,0,33.839996,14.799459,63,21.818182,17,0,0,1,0,0,0,0,61.0,30.166666666666668,71,0
2023-05-24 18:00:00,15.080245,0,33.12,14.113653,70,17.575756,18,0,0,1,0,0,0,0,71.0,30.5,78,0
2023-05-24 19:00:00,14.040245,0,32.039997,12.7279215,74,15.151516,19,0,0,1,0,0,0,0,78.0,30.041666666666668,69,0
2023-05-24 20:00:00,13.000245,0,29.519999,11.720751,74,3.4301348,20,0,0,1,0,0,0,0,69.0,30.75,84,0
2023-05-24 21:00:00,12.110246,0,27.359999,11.367109,76,0,21,0,0,1,0,0,0,0,84.0,32.708333333333336,55,0
2023-05-24 22:00:00,11.070246,0,25.199999,9.255571,52,0,22,0,0,1,0,0,0,0,55.0,33.083333333333336,18,0
2023-05-24 23:00:00,10.470245,0,23.039999,9.255571,57,0,23,0,0,1,0,0,0,0,18.0,33.041666666666664,10,0
2023-05-25 00:00:00,9.990245,0,21.24,9.255571,42,0,0,0,0,0,1,0,0,0,10.0,32.708333333333336,3,0
2023-05-25 01:00:00,9.820246,0,20.16,9.255571,23,0,1,0,0,0,1,0,0,0,3.0,32.625,3,0
2023-05-25 02:00:00,10.000245,0,19.44,9.255571,34,0,2,0,0,0,1,0,0,0,3.0,32.666666666666664,2,0
2023-05-25 03:00:00,10.0602455,0,19.8,9.255571,39,0,3,0,0,0,1,0,0,0,2.0,32.666666666666664,1,0
2023-05-25 04:00:00,10.070246,0,19.8,8.557102,80,3.8895624,4,0,0,0,1,0,0,0,1.0,32.666666666666664,1,0
2023-05-25 05:00:00,10.680245,0,21.599998,8.473393,79,12.121214,5,0,0,0,1,0,0,0,1.0,32.666666666666664,8,0
2023-05-25 06:00:00,11.720245,0,24.48,9.531505,58,24.848484,6,0,0,0,1,0,0,0,8.0,32.625,21,0
2023-05-25 07:00:00,13.020246,0,29.16,12.768586,36,38.181816,7,0,0,0,1,0,0,0,21.0,32.041666666666664,37,0
2023-05-25 08:00:00,14.630245,0,35.28,15.349684,75,14.545455,8,0,0,0,1,0,0,0,37.0,31.583333333333332,31,0
2023-05-25 09:00:00,16.280245,0,37.44,16.992609,90,5.454544,9,0,0,0,1,0,0,0,31.0,31.416666666666668,40,0
2023-05-25 10:00:00,17.780245,0,36.36,9.659814,66,19.999998,10,0,0,0,1,0,0,0,40.0,31.875,42,0
2023-05-25 11:00:00,18.100245,0,34.92,14.336861,61,23.030302,11,0,0,0,1,0,0,0,42.0,32.791666666666664,22,0
2023-05-25 12:00:00,19.350245,0,30.599998,13.746156,87,7.2727275,12,0,0,0,1,0,0,0,22.0,32.791666666666664,27,0
2023-05-25 13:00:00,20.190245,0,29.16,10.44,100,0,13,0,0,0,1,0,0,0,27.0,32.916666666666664,39,0
2023-05-25 14:00:00,20.530245,0,28.44,8.669949,100,0,14,0,0,0,1,0,0,0,39.0,33.708333333333336,21,0
2023-05-25 15:00:00,20.640245,0,30.239998,9.107359,95,2.4242413,15,0,0,0,1,0,0,0,21.0,33.5,54,0
2023-05-25 16:00:00,20.600245,0,31.319998,9.885262,81,10.909091,16,0,0,0,1,0,0,0,54.0,33.25,54,0
2023-05-25 17:00:00,20.270245,0,28.44,8.311245,91,4.8484864,17,0,0,0,1,0,0,0,54.0,32.958333333333336,70,0
2023-05-25 18:00:00,19.730246,0,23.4,7.208994,76,13.939394,18,0,0,0,1,0,0,0,70.0,32.916666666666664,69,0
2023-05-25 19:00:00,17.840246,0,17.64,7.928178,35,38.78788,19,0,0,0,1,0,0,0,69.0,32.541666666666664,74,0
2023-05-25 20:00:00,16.310246,0,16.56,7.9526596,20,11.770203,20,0,0,0,1,0,0,0,74.0,32.75,57,0
2023-05-25 21:00:00,15.040245,0,15.84,7.172949,12,0,21,0,0,0,1,0,0,0,57.0,31.625,25,0
2023-05-25 22:00:00,13.660245,0,15.119999,7.754637,7,0,22,0,0,0,1,0,0,0,25.0,30.375,32,0
2023-05-25 23:00:00,13.020246,0,15.119999,7.5685663,2,0,23,0,0,0,1,0,0,0,32.0,30.958333333333332,15,0
2023-05-26 00:00:00,12.090245,0,16.199999,5.154415,2,0,0,0,0,0,0,1,0,0,15.0,31.166666666666668,5,0
2023-05-26 01:00:00,11.520246,0,16.56,5.771239,0,0,1,0,0,0,0,1,0,0,5.0,31.25,2,0
2023-05-26 02:00:00,11.190246,0,16.56,6.162207,1,0,2,0,0,0,0,1,0,0,2.0,31.208333333333332,2,0
2023-05-26 03:00:00,10.860246,0,15.4800005,6.379216,2,0,3,0,0,0,0,1,0,0,2.0,31.208333333333332,1,0
2023-05-26 04:00:00,10.700245,0,14.04,6.379216,5,20.129293,4,0,0,0,0,1,0,0,1.0,31.208333333333332,2,0
2023-05-26 05:00:00,11.900246,0,12.599999,5.0142193,8,55.151512,5,0,0,0,0,1,0,0,2.0,31.25,13,0
2023-05-26 06:00:00,13.730246,0,13.679999,4.5536795,2,58.78788,6,0,0,0,0,1,0,0,13.0,31.458333333333332,34,0
2023-05-26 07:00:00,15.440246,0,16.199999,5.3517847,4,57.575756,7,0,0,0,0,1,0,0,34.0,32.0,37,0
2023-05-26 08:00:00,17.260244,0,18.72,6.151683,1,59.393936,8,0,0,0,0,1,0,0,37.0,32.0,41,0
2023-05-26 09:00:00,19.080246,0,20.519999,6.28713,2,58.78788,9,0,0,0,0,1,0,0,41.0,32.416666666666664,42,0
2023-05-26 10:00:00,21.140245,0,22.319998,6.830519,1,59.393936,10,0,0,0,0,1,0,0,42.0,32.5,41,0
2023-05-26 11:00:00,22.410246,0,25.56,8.534353,0,60,11,0,0,0,0,1,0,0,41.0,32.458333333333336,30,0
2023-05-26 12:00:00,23.330246,0,27.72,9.339208,1,59.393936,12,0,0,0,0,1,0,0,30.0,32.791666666666664,29,0
2023-05-26 13:00:00,23.980246,0,30.599998,11.043261,4,57.575756,13,0,0,0,0,1,0,0,29.0,32.875,33,0
2023-05-26 14:00:00,24.250246,0,32.760002,13.5515,4,57.575756,14,0,0,0,0,1,0,0,33.0,32.625,30,0
2023-05-26 15:00:00,24.190245,0,33.839996,14.799459,11,53.333332,15,0,0,0,0,1,0,0,30.0,33.0,38,0
2023-05-26 16:00:00,24.110245,0,34.2,14.934577,14,51.51515,16,0,0,0,0,1,0,0,38.0,32.333333333333336,53,0
2023-05-26 17:00:00,23.390245,0,32.399998,13.363711,18,49.090908,17,0,0,0,0,1,0,0,53.0,32.291666666666664,79,0
2023-05-26 18:00:00,22.250246,0,27.359999,12.245294,20,47.878788,18,0,0,0,0,1,0,0,79.0,32.666666666666664,105,0
2023-05-26 19:00:00,20.650246,0,27.72,10.464798,29,42.424244,19,0,0,0,0,1,0,0,105.0,34.166666666666664,56,0
2023-05-26 20:00:00,19.040245,0,23.759998,9.114471,22,12.28889,20,0,0,0,0,1,0,0,56.0,33.416666666666664,69,0
2023-05-26 21:00:00,17.510244,0,20.880001,8.049845,13,0,21,0,0,0,0,1,0,0,69.0,33.916666666666664,76,0
2023-05-26 22:00:00,15.350245,0,18.72,7.968939,8,0,22,0,0,0,0,1,0,0,76.0,36.041666666666664,66,0
2023-05-26 23:00:00,14.520246,0,17.28,8.699793,6,0,23,0,0,0,0,1,0,0,66.0,37.458333333333336,37,0
2023-05-27 00:00:00,13.460245,0,16.919998,8.287822,3,0,0,0,0,0,0,0,1,0,37.0,38.375,27,0
2023-05-27 01:00:00,12.640245,0,16.56,7.42159,3,0,1,0,0,0,0,0,1,0,27.0,39.291666666666664,12,0
2023-05-27 02:00:00,12.020246,0,16.199999,7.145796,0,0,2,0,0,0,0,0,1,0,12.0,39.708333333333336,15,0
2023-05-27 03:00:00,11.460245,0,15.84,6.8777895,2.7,0,3,0,0,0,0,0,1,0,15.0,40.25,4,0
2023-05-27 04:00:00,11.180245,0,15.119999,6.3690495,4.5,21,4,0,0,0,0,0,1,0,4.0,40.375,2,0
2023-05-27 05:00:00,13.030245,0,14.4,5.904439,4.2000003,57.454544,5,0,0,0,0,0,1,0,2.0,40.375,3,0
2023-05-27 06:00:00,15.130245,0,15.119999,5.991594,1.8000001,58.909092,6,0,0,0,0,0,1,0,3.0,39.958333333333336,6,0
2023-05-27 07:00:00,16.710245,0,18.359999,6.696387,0,60,7,0,0,0,0,0,1,0,6.0,38.791666666666664,18,0
2023-05-27 08:00:00,18.460245,0,20.16,7.42159,1,59.393936,8,0,0,0,0,0,1,0,18.0,38.0,33,0
2023-05-27 09:00:00,20.230246,0,22.68,8.714677,0,60,9,0,0,0,0,0,1,0,33.0,37.666666666666664,31,0
2023-05-27 10:00:00,21.790245,0,25.919998,10.383987,0,60,10,0,0,0,0,0,1,0,31.0,37.208333333333336,46,0
2023-05-27 11:00:00,23.290245,0,27.359999,11.988594,2,58.78788,11,0,0,0,0,0,1,0,46.0,37.416666666666664,41,0
2023-05-27 12:00:00,24.310246,0,27.72,11.709688,16,50.303032,12,0,0,0,0,0,1,0,41.0,37.875,62,0
2023-05-27 13:00:00,25.190245,0,27,11.525623,13,52.121212,13,0,0,0,0,0,1,0,62.0,39.25,55,0
2023-05-27 14:00:00,25.710245,0,25.199999,11.384198,14,51.51515,14,0,0,0,0,0,1,0,55.0,40.166666666666664,96,0
2023-05-27 15:00:00,25.860245,0,24.48,11.090103,13,52.121212,15,0,0,0,0,0,1,0,96.0,42.916666666666664,143,0
2023-05-27 16:00:00,25.450245,0,23.759998,10.685391,12,52.727272,16,0,0,0,0,0,1,0,143.0,47.291666666666664,119,0
2023-05-27 17:00:00,24.590246,0,22.68,9.504273,8,55.151512,17,0,0,0,0,0,1,0,119.0,50.041666666666664,57,0
2023-05-27 18:00:00,22.950245,0,20.16,8.089993,12,52.727272,18,0,0,0,0,0,1,0,57.0,49.125,92,0
2023-05-27 19:00:00,20.350245,0,19.44,8.427383,5,56.9697,19,0,0,0,0,0,1,0,92.0,48.583333333333336,104,0
2023-05-27 20:00:00,17.900246,0,16.919998,8.534353,9,15.318181,20,0,0,0,0,0,1,0,104.0,50.583333333333336,82,0
2023-05-27 21:00:00,17.470245,0,16.199999,7.7043357,6,0,21,0,0,0,0,0,1,0,82.0,51.125,79,0
2023-05-27 22:00:00,15.280245,0,14.4,7.491114,29,0,22,0,0,0,0,0,1,0,79.0,51.25,89,0
2023-05-27 23:00:00,14.520246,0,12.959999,6.28713,27,0,23,0,0,0,0,0,1,0,89.0,52.208333333333336,48,0
2023-05-28 00:00:00,13.340245,0,12.959999,5.3517847,23,0,0,0,0,0,0,0,0,1,48.0,52.666666666666664,26,0
2023-05-28 01:00:00,12.130245,0,13.32,4.2136917,15,0,1,0,0,0,0,0,0,1,26.0,52.625,10,0
2023-05-28 02:00:00,11.410245,0,13.32,3.7585104,8,0,2,0,0,0,0,0,0,1,10.0,52.541666666666664,11,0
2023-05-28 03:00:00,10.830245,0,12.599999,4.2136917,4,0,3,0,0,0,0,0,0,1,11.0,52.375,4,0
2023-05-28 04:00:00,10.390245,0,12.599999,4.2136917,2,22.355722,4,0,0,0,0,0,0,1,4.0,52.375,2,0
2023-05-28 05:00:00,12.640245,0,12.24,4.802999,0,60,5,0,0,0,0,0,0,1,2.0,52.375,3,0
2023-05-28 06:00:00,15.160245,0,13.32,4.0249224,1,59.393936,6,0,0,0,0,0,0,1,3.0,52.375,6,0
2023-05-28 07:00:00,17.350245,0,14.4,3.671294,1,59.393936,7,0,0,0,0,0,0,1,6.0,52.375,17,0
2023-05-28 08:00:00,19.340246,0,15.119999,4.2136917,0,60,8,0,0,0,0,0,0,1,17.0,52.333333333333336,26,0
2023-05-28 09:00:00,21.090246,0,16.919998,5.3999996,0,60,9,0,0,0,0,0,0,1,26.0,52.041666666666664,26,0
2023-05-28 10:00:00,22.550245,0,20.16,7.145796,0,60,10,0,0,0,0,0,0,1,26.0,51.833333333333336,46,0
2023-05-28 11:00:00,23.810246,0,22.319998,8.161764,0,60,11,0,0,0,0,0,0,1,46.0,51.833333333333336,53,0
2023-05-28 12:00:00,24.810246,0,23.4,9,6,56.363636,12,0,0,0,0,0,0,1,53.0,52.333333333333336,30,0
2023-05-28 13:00:00,25.580246,0,24.84,10.630672,14,51.51515,13,0,0,0,0,0,0,1,30.0,51.0,53,0
2023-05-28 14:00:00,25.970245,0,28.08,11.770403,5,56.9697,14,0,0,0,0,0,0,1,53.0,50.916666666666664,81,0
2023-05-28 15:00:00,26.140245,0,29.519999,12.57426,14,51.51515,15,0,0,0,0,0,0,1,81.0,50.291666666666664,97,0
2023-05-28 16:00:00,25.870245,0,30.599998,13.049689,30,41.81818,16,0,0,0,0,0,0,1,97.0,48.375,102,0
2023-05-28 17:00:00,25.020245,0,28.8,11.298495,15,50.909096,17,0,0,0,0,0,0,1,102.0,47.666666666666664,130,0
2023-05-28 18:00:00,23.590246,0,24.119999,8.766573,2,58.78788,18,0,0,0,0,0,0,1,130.0,50.708333333333336,70,0
2023-05-28 19:00:00,21.140245,0,21.24,9.107359,0,60,19,0,0,0,0,0,0,1,70.0,49.791666666666664,85,0
2023-05-28 20:00:00,18.590246,0,19.44,9.659814,0,17.916666,20,0,0,0,0,0,0,1,85.0,49.0,103,0
2023-05-28 21:00:00,16.500246,0,18.72,8.209263,0,0,21,0,0,0,0,0,0,1,103.0,49.875,90,0
2023-05-28 22:00:00,14.790245,0,16.919998,9.19939,0,0,22,0,0,0,0,0,0,1,90.0,50.333333333333336,61,0
2023-05-28 23:00:00,13.770246,0,16.199999,8.78872,0,0,23,0,0,0,0,0,0,1,61.0,49.166666666666664,41,0
2023-05-29 00:00:00,12.660245,0,16.199999,7.8954163,0,0,0,1,0,0,0,0,0,0,41.0,48.875,6,0
2023-05-29 01:00:00,11.540245,0,15.84,6.3690495,0,0,1,1,0,0,0,0,0,0,6.0,48.041666666666664,1,0
2023-05-29 02:00:00,10.960245,0,15.4800005,5.904439,0,0,2,1,0,0,0,0,0,0,1.0,47.666666666666664,2,0
2023-05-29 03:00:00,10.270246,0,15.119999,6.489992,0,0,3,1,0,0,0,0,0,0,2.0,47.291666666666664,1,0
2023-05-29 04:00:00,10.110246,0,14.759999,6.489992,0,23.633333,4,1,0,0,0,0,0,0,1.0,47.166666666666664,2,0
2023-05-29 05:00:00,12.220245,0,15.119999,4.8965297,0,60,5,1,0,0,0,0,0,0,2.0,47.166666666666664,11,0
2023-05-29 06:00:00,15.090245,0,15.4800005,5.8048253,0,60,6,1,0,0,0,0,0,0,11.0,47.5,33,1
2023-05-29 07:00:00,17.520245,0,19.44,7.42159,0,60,7,1,0,0,0,0,0,0,33.0,48.625,60,1
2023-05-29 08:00:00,19.870245,0,24.119999,9.227524,0,60,8,1,0,0,0,0,0,0,60.0,50.416666666666664,63,1
2023-05-29 09:00:00,21.970245,0,28.08,11.269782,0,60,9,1,0,0,0,0,0,0,63.0,51.958333333333336,44,1
2023-05-29 10:00:00,23.670246,0,30.960001,11.770403,0,60,10,1,0,0,0,0,0,0,44.0,52.708333333333336,35,0
2023-05-29 11:00:00,24.940245,0,32.399998,13.281023,0,60,11,1,0,0,0,0,0,0,35.0,52.25,28,0
2023-05-29 12:00:00,25.910246,0,32.760002,13.830749,7,55.757576,12,1,0,0,0,0,0,0,28.0,51.208333333333336,29,0
2023-05-29 13:00:00,26.530245,0,34.2,15.077082,4,57.575756,13,1,0,0,0,0,0,0,29.0,51.166666666666664,29,0
2023-05-29 14:00:00,26.830246,0,35.28,16.1198,2,58.78788,14,1,0,0,0,0,0,0,29.0,50.166666666666664,31,0
2023-05-29 15:00:00,26.910246,0,35.64,16.610792,0,60,15,1,0,0,0,0,0,0,31.0,48.083333333333336,53,0
2023-05-29 16:00:00,26.540245,0,35.28,15.629971,0,60,16,1,0,0,0,0,0,0,53.0,46.25,70,0
2023-05-29 17:00:00,25.610245,0,33.48,13.049689,0,60,17,1,0,0,0,0,0,0,70.0,44.916666666666664,52,0
2023-05-29 18:00:00,24.170246,0,26.64,11.503113,0,60,18,1,0,0,0,0,0,0,52.0,41.666666666666664,71,0
2023-05-29 19:00:00,21.720245,0,25.919998,9.565437,0,60,19,1,0,0,0,0,0,0,71.0,41.708333333333336,58,0
2023-05-29 20:00:00,19.610245,0,23.4,10.028439,7.2000003,17.602728,20,1,0,0,0,0,0,0,58.0,40.583333333333336,60,0
2023-05-29 21:00:00,17.860245,0,22.319998,10.028439,13.200001,0,21,1,0,0,0,0,0,0,60.0,38.791666666666664,42,0
2023-05-29 22:00:00,15.830245,0,21.599998,9.904906,0,0,22,1,0,0,0,0,0,0,42.0,36.791666666666664,36,0
2023-05-29 23:00:00,15.210245,0,20.880001,9.565437,5.1000004,0,23,1,0,0,0,0,0,0,36.0,35.75,19,0
2023-05-30 00:00:00,13.910245,0,20.16,9.826088,6.6000004,0,0,0,1,0,0,0,0,0,19.0,34.833333333333336,3,0
2023-05-30 01:00:00,12.930245,0,18.72,8.587338,24.300001,0,1,0,1,0,0,0,0,0,3.0,34.708333333333336,1,0
2023-05-30 02:00:00,12.370245,0,18.72,9.339208,28.2,0,2,0,1,0,0,0,0,0,1.0,34.708333333333336,2,0
2023-05-30 03:00:00,12.180245,0,19.08,9.504273,27.6,0,3,0,1,0,0,0,0,0,2.0,34.708333333333336,1,0
2023-05-30 04:00:00,11.890245,0,18.72,8.225035,27.6,17.633636,4,0,1,0,0,0,0,0,1.0,34.708333333333336,3,0
2023-05-30 05:00:00,13.520246,0,18.359999,6.379216,28.2,42.909096,5,0,1,0,0,0,0,0,3.0,34.75,10,0
2023-05-30 06:00:00,15.760245,0,18.72,8.209263,28.500002,42.727272,6,0,1,0,0,0,0,0,10.0,34.708333333333336,29,0
2023-05-30 07:00:00,17.500246,0,24.48,10.483357,29.400002,42.181816,7,0,1,0,0,0,0,0,29.0,34.541666666666664,32,0
2023-05-30 08:00:00,19.210245,0,28.08,11.503113,29.400002,42.181816,8,0,1,0,0,0,0,0,32.0,33.375,54,0
2023-05-30 09:00:00,20.720245,0,30.239998,12.10157,29.1,42.363636,9,0,1,0,0,0,0,0,54.0,33.0,33,0
2023-05-30 10:00:00,22.030245,0,32.399998,13.202726,27.000002,43.636364,10,0,1,0,0,0,0,0,33.0,32.541666666666664,25,0
2023-05-30 11:00:00,23.400246,0,34.2,13.70839,16.800001,49.81818,11,0,1,0,0,0,0,0,25.0,32.125,23,0
2023-05-30 12:00:00,24.400246,0,34.92,14.77755,31,41.21212,12,0,1,0,0,0,0,0,23.0,31.916666666666668,32,0
2023-05-30 13:00:00,25.220245,0,34.92,15.1884165,20,47.878788,13,0,1,0,0,0,0,0,32.0,32.041666666666664,40,0
2023-05-30 14:00:00,25.490246,0,34.92,15.141414,25,44.848488,14,0,1,0,0,0,0,0,40.0,32.5,31,0
2023-05-30 15:00:00,25.610245,0,37.079998,15.844089,50,29.69697,15,0,1,0,0,0,0,0,31.0,32.5,45,0
2023-05-30 16:00:00,25.050245,0,37.44,15.725037,77,13.333332,16,0,1,0,0,0,0,0,45.0,32.166666666666664,38,0
2023-05-30 17:00:00,24.440245,0,36,14.332341,61,23.030302,17,0,1,0,0,0,0,0,38.0,30.833333333333332,68,0
2023-05-30 18:00:00,23.210245,0,32.039997,13.627795,46,32.121212,18,0,1,0,0,0,0,0,68.0,31.5,54,0
2023-05-30 19:00:00,21.690245,0,30.599998,12.661564,32,40.606064,19,0,1,0,0,0,0,0,54.0,30.791666666666668,50,0
2023-05-30 20:00:00,19.950245,0,28.44,11.27553,22,15.581482,20,0,1,0,0,0,0,0,50.0,30.458333333333332,72,0
2023-05-30 21:00:00,18.370245,0,25.199999,9.346143,13,0,21,0,1,0,0,0,0,0,72.0,30.958333333333332,48,0
2023-05-30 22:00:00,17.080246,0,22.68,10.24578,35,0,22,0,1,0,0,0,0,0,48.0,31.208333333333332,36,0
2023-05-30 23:00:00,15.800245,0,20.880001,9.028754,22,0,23,0,1,0,0,0,0,0,36.0,31.208333333333332,16,0
2023-05-31 00:00:00,14.750245,0,19.8,7.8954163,1,0,0,0,0,1,0,0,0,0,16.0,31.083333333333332,5,0
2023-05-31 01:00:00,13.760245,0,19.8,8.699793,0,0,1,0,0,1,0,0,0,0,5.0,31.166666666666668,2,0
2023-05-31 02:00:00,13.130245,0,19.44,9.178235,0,0,2,0,0,1,0,0,0,0,2.0,31.208333333333332,2,0
2023-05-31 03:00:00,12.700245,0,19.44,9.178235,0,0,3,0,0,1,0,0,0,0,2.0,31.208333333333332,1,0
2023-05-31 04:00:00,12.250245,0,19.44,8.891343,0,25.183332,4,0,0,1,0,0,0,0,1.0,31.208333333333332,3,0
2023-05-31 05:00:00,14.190246,0,19.08,6.9247384,0,60,5,0,0,1,0,0,0,0,3.0,31.208333333333332,8,0
2023-05-31 06:00:00,16.190247,0,19.8,7.8954163,0,60,6,0,0,1,0,0,0,0,8.0,31.125,37,0
2023-05-31 07:00:00,18.050245,0,24.84,10.495713,0,60,7,0,0,1,0,0,0,0,37.0,31.458333333333332,43,0
2023-05-31 08:00:00,19.760244,0,29.88,12.475961,0,60,8,0,0,1,0,0,0,0,43.0,31.916666666666668,26,0
2023-05-31 09:00:00,21.340246,0,31.319998,12.819235,0,60,9,0,0,1,0,0,0,0,26.0,30.75,39,0
2023-05-31 10:00:00,23.060246,0,31.68,12.096214,0,60,10,0,0,1,0,0,0,0,39.0,31.0,35,0
2023-05-31 11:00:00,24.260244,0,32.399998,14.4,0,60,11,0,0,1,0,0,0,0,35.0,31.416666666666668,30,0
2023-05-31 12:00:00,25.430244,0,32.039997,14.512064,3,58.18182,12,0,0,1,0,0,0,0,30.0,31.708333333333332,26,0
2023-05-31 13:00:00,26.280245,0,34.92,14.618837,6,56.363636,13,0,0,1,0,0,0,0,26.0,31.458333333333332,31,0
2023-05-31 14:00:00,26.970245,0,35.64,15.077082,6,56.363636,14,0,0,1,0,0,0,0,31.0,31.083333333333332,38,0
2023-05-31 15:00:00,26.990246,0,36.36,15.077082,10,53.939396,15,0,0,1,0,0,0,0,38.0,31.375,37,0
2023-05-31 16:00:00,26.630245,0,36.36,15.124284,4,57.575756,16,0,0,1,0,0,0,0,37.0,31.041666666666668,60,0
2023-05-31 17:00:00,25.970245,0,33.12,11.246759,3,58.18182,17,0,0,1,0,0,0,0,60.0,31.958333333333332,44,0
2023-05-31 18:00:00,24.310246,0,25.199999,8.435069,1,59.393936,18,0,0,1,0,0,0,0,44.0,30.958333333333332,84,0
2023-05-31 19:00:00,21.810246,0,20.16,8.217153,1,59.393936,19,0,0,1,0,0,0,0,84.0,32.208333333333336,79,0
2023-05-31 20:00:00,19.060246,0,19.08,9.028754,0,20.966667,20,0,0,1,0,0,0,0,79.0,33.416666666666664,67,0
2023-05-31 21:00:00,16.880245,0,18.72,8.854829,0,0,21,0,0,1,0,0,0,0,67.0,33.208333333333336,29,0
2023-05-31 22:00:00,15.600245,0,18,8.654986,0,0,22,0,0,1,0,0,0,0,29.0,32.416666666666664,29,0
2023-05-31 23:00:00,14.840245,0,16.919998,7.653705,0,0,23,0,0,1,0,0,0,0,29.0,32.125,21,0
2023-06-01 00:00:00,14.260245,0,15.119999,5.8603754,1,0,0,0,0,0,1,0,0,0,21.0,32.333333333333336,4,0
2023-06-01 01:00:00,13.610246,0,13.679999,3.8268526,0,0,1,0,0,0,1,0,0,0,4.0,32.291666666666664,1,0
2023-06-01 02:00:00,12.460245,0,11.879999,2.3051248,2.1000001,0,2,0,0,0,1,0,0,0,1.0,32.25,2,0
2023-06-01 03:00:00,12.320246,0,10.799999,3.8939953,0.3,0,3,0,0,0,1,0,0,0,2.0,32.25,1,0
2023-06-01 04:00:00,11.660245,0,10.08,3.8773184,0,25.816668,4,0,0,0,1,0,0,0,1.0,32.25,2,0
2023-06-01 05:00:00,13.620245,0,9.72,1.8,0,60,5,0,0,0,1,0,0,0,2.0,32.208333333333336,12,0
2023-06-01 06:00:00,16.370245,0,11.159999,1.2979984,0,60,6,0,0,0,1,0,0,0,12.0,32.375,26,0
2023-06-01 07:00:00,18.590246,0,11.879999,2.6208394,0,60,7,0,0,0,1,0,0,0,26.0,31.916666666666668,29,0
2023-06-01 08:00:00,20.430244,0,15.4800005,4.1046314,0,60,8,0,0,0,1,0,0,0,29.0,31.333333333333332,65,0
2023-06-01 09:00:00,22.300245,0,18.359999,5.1544156,0,60,9,0,0,0,1,0,0,0,65.0,32.958333333333336,52,0
2023-06-01 10:00:00,23.880245,0,21.24,5.6233797,1,59.393936,10,0,0,0,1,0,0,0,52.0,33.5,33,0
2023-06-01 11:00:00,25.260244,0,22.319998,5.1165614,1,59.393936,11,0,0,0,1,0,0,0,33.0,33.416666666666664,18,0
2023-06-01 12:00:00,26.230246,0,25.199999,5.4833565,8,55.151512,12,0,0,0,1,0,0,0,18.0,32.916666666666664,37,0
2023-06-01 13:00:00,26.550245,0,24.48,6.725354,6,56.363636,13,0,0,0,1,0,0,0,37.0,33.375,42,0
2023-06-01 14:00:00,27.050245,0,25.199999,8.12197,10,53.939396,14,0,0,0,1,0,0,0,42.0,33.833333333333336,44,0
2023-06-01 15:00:00,27.310246,0,26.64,9.605998,15,50.909096,15,0,0,0,1,0,0,0,44.0,34.083333333333336,49,0
2023-06-01 16:00:00,27.150246,0,26.28,10.661107,18,49.090908,16,0,0,0,1,0,0,0,49.0,34.583333333333336,60,0
2023-06-01 17:00:00,26.460245,0,25.919998,8.473393,28,43.0303,17,0,0,0,1,0,0,0,60.0,34.583333333333336,56,0
2023-06-01 18:00:00,24.880245,0,23.4,6.8399997,26,44.242424,18,0,0,0,1,0,0,0,56.0,35.083333333333336,95,0
2023-06-01 19:00:00,22.780245,0,18.72,6.849467,16,50.303032,19,0,0,0,1,0,0,0,95.0,35.541666666666664,103,0
2023-06-01 20:00:00,20.330246,0,18.72,7.5685663,20,17.46246,20,0,0,0,1,0,0,0,103.0,36.541666666666664,67,0
2023-06-01 21:00:00,20.170246,0,18,8.350138,19,0,21,0,0,0,1,0,0,0,67.0,36.541666666666664,57,0
2023-06-01 22:00:00,17.280245,0,17.28,8.913181,31,0,22,0,0,0,1,0,0,0,57.0,37.708333333333336,33,0
2023-06-01 23:00:00,16.620245,0,17.64,5.8603754,46,0,23,0,0,0,1,0,0,0,33.0,37.875,23,0
2023-06-02 00:00:00,16.100246,0,18,8.707238,43,0,0,0,0,0,0,1,0,0,23.0,37.958333333333336,6,0
2023-06-02 01:00:00,15.450245,0,18,9.3669195,37,0,1,0,0,0,0,1,0,0,6.0,38.041666666666664,1,0
2023-06-02 02:00:00,14.530245,0,17.64,8.647496,39,0,2,0,0,0,0,1,0,0,1.0,38.041666666666664,3,0
2023-06-02 03:00:00,14.450245,0,16.919998,7.9932976,19,0,3,0,0,0,0,1,0,0,3.0,38.083333333333336,1,0
2023-06-02 04:00:00,14.690246,0,15.119999,8.12197,17,21.894278,4,0,0,0,0,1,0,0,1.0,38.083333333333336,2,0
2023-06-02 05:00:00,15.010245,0,14.04,7.5942073,19,48.484848,5,0,0,0,0,1,0,0,2.0,38.083333333333336,10,0
2023-06-02 06:00:00,16.450245,0,19.08,8.311245,18,49.090908,6,0,0,0,0,1,0,0,10.0,38.0,22,0
2023-06-02 07:00:00,17.740246,0,22.68,8.825508,9,54.545452,7,0,0,0,0,1,0,0,22.0,37.833333333333336,59,0
2023-06-02 08:00:00,19.460245,0,24.84,9.346143,9,54.545452,8,0,0,0,0,1,0,0,59.0,39.083333333333336,29,0
2023-06-02 09:00:00,20.980246,0,25.56,9.6932955,8,55.151512,9,0,0,0,0,1,0,0,29.0,37.583333333333336,52,0
2023-06-02 10:00:00,22.660246,0,28.08,10.365251,7,55.757576,10,0,0,0,0,1,0,0,52.0,37.583333333333336,34,0
2023-06-02 11:00:00,24.140245,0,29.88,11.726277,1,59.393936,11,0,0,0,0,1,0,0,34.0,37.625,30,0
2023-06-02 12:00:00,25.250246,0,30.599998,11.874544,1,59.393936,12,0,0,0,0,1,0,0,30.0,38.125,38,0
2023-06-02 13:00:00,25.790245,0,31.319998,12.661564,0,60,13,0,0,0,0,1,0,0,38.0,38.166666666666664,41,0
2023-06-02 14:00:00,26.290245,0,31.68,12.864649,1,59.393936,14,0,0,0,0,1,0,0,41.0,38.125,34,0
2023-06-02 15:00:00,26.210245,0,32.039997,13.450708,4,57.575756,15,0,0,0,0,1,0,0,34.0,37.708333333333336,43,0
2023-06-02 16:00:00,25.930244,0,31.68,15.281989,5,56.9697,16,0,0,0,0,1,0,0,43.0,37.458333333333336,49,0
2023-06-02 17:00:00,25.120245,0,30.960001,14.494192,7,55.757576,17,0,0,0,0,1,0,0,49.0,37.0,92,0
2023-06-02 18:00:00,23.460245,0,29.16,13.441071,8,55.151512,18,0,0,0,0,1,0,0,92.0,38.5,97,0
2023-06-02 19:00:00,21.780245,0,30.599998,13.363711,11,53.333332,19,0,0,0,0,1,0,0,97.0,38.583333333333336,87,0
2023-06-02 20:00:00,19.990246,0,29.519999,12.324414,13,19.820538,20,0,0,0,0,1,0,0,87.0,37.916666666666664,78,0
2023-06-02 21:00:00,18.400246,0,27,9.779817,14,0,21,0,0,0,0,1,0,0,78.0,38.375,88,0
2023-06-02 22:00:00,16.970245,0,21.24,9.36,43,0,22,0,0,0,0,1,0,0,88.0,39.666666666666664,74,0
2023-06-02 23:00:00,15.820246,0,18,7.9526596,32,0,23,0,0,0,0,1,0,0,74.0,41.375,31,0
2023-06-03 00:00:00,14.880245,0,16.56,8.12197,26,0,0,0,0,0,0,0,1,0,31.0,41.708333333333336,28,0
2023-06-03 01:00:00,14.080245,0,15.84,5.815978,25,0,1,0,0,0,0,0,1,0,28.0,42.625,15,0
2023-06-03 02:00:00,13.790245,0,14.04,5.8048253,23,0,2,0,0,0,0,0,1,0,15.0,43.208333333333336,13,0
2023-06-03 03:00:00,13.0602455,0,12.959999,5.904439,25,0,3,0,0,0,0,0,1,0,13.0,43.625,4,0
2023-06-03 04:00:00,12.240245,0,12.599999,6.3690495,11,24.05926,4,0,0,0,0,0,1,0,4.0,43.75,2,0
2023-06-03 05:00:00,13.490245,0,12.599999,5.1919937,16,50.303032,5,0,0,0,0,0,1,0,2.0,43.75,4,0
2023-06-03 06:00:00,15.910245,0,12.959999,5.1919937,10,53.939396,6,0,0,0,0,0,1,0,4.0,43.5,6,0
2023-06-03 07:00:00,17.600245,0,16.199999,5.495161,25,44.848488,7,0,0,0,0,0,1,0,6.0,42.833333333333336,18,0
2023-06-03 08:00:00,19.340246,0,17.64,5.495161,7,55.757576,8,0,0,0,0,0,1,0,18.0,41.125,21,0
2023-06-03 09:00:00,21.130245,0,19.44,5.8048253,5,56.9697,9,0,0,0,0,0,1,0,21.0,40.791666666666664,31,0
2023-06-03 10:00:00,22.750246,0,21.96,7.289445,17,49.696968,10,0,0,0,0,0,1,0,31.0,39.916666666666664,42,0
2023-06-03 11:00:00,24.270245,0,23.039999,8.707237,13,52.121212,11,0,0,0,0,0,1,0,42.0,40.25,47,0
2023-06-03 12:00:00,25.660246,0,24.84,8.217153,18,49.090908,12,0,0,0,0,0,1,0,47.0,40.958333333333336,62,0
2023-06-03 13:00:00,26.290245,0,25.56,7.5942082,30,41.81818,13,0,0,0,0,0,1,0,62.0,41.958333333333336,49,0
2023-06-03 14:00:00,26.780245,0,23.759998,7.42159,31,41.21212,14,0,0,0,0,0,1,0,49.0,42.291666666666664,84,0
2023-06-03 15:00:00,26.720245,0,23.039999,8.766573,14,51.51515,15,0,0,0,0,0,1,0,84.0,44.375,89,0
2023-06-03 16:00:00,26.500246,0,24.119999,8.891344,19,48.484848,16,0,0,0,0,0,1,0,89.0,46.291666666666664,72,0
2023-06-03 17:00:00,25.790245,0,22.68,8.473393,31,41.21212,17,0,0,0,0,0,1,0,72.0,47.25,86,0
2023-06-03 18:00:00,24.260244,0,15.84,7.5942073,36,38.181816,18,0,0,0,0,0,1,0,86.0,47.0,104,0
2023-06-03 19:00:00,23.490246,0,19.08,8.12197,37,37.57576,19,0,0,0,0,0,1,0,104.0,47.291666666666664,103,0
2023-06-03 20:00:00,21.930244,0,19.44,7.5170207,33,15.844443,20,0,0,0,0,0,1,0,103.0,47.958333333333336,120,0
2023-06-03 21:00:00,20.050245,0,17.28,7.754637,24,0,21,0,0,0,0,0,1,0,120.0,49.708333333333336,47,0
2023-06-03 22:00:00,16.220245,0,15.4800005,6.28713,35,0,22,0,0,0,0,0,1,0,47.0,48.0,82,0
2023-06-03 23:00:00,15.400246,0,14.4,5.315336,36,0,23,0,0,0,0,0,1,0,82.0,48.333333333333336,48,0
2023-06-04 00:00:00,14.600245,0,13.679999,5.0911684,36,0,0,0,0,0,0,0,0,1,48.0,49.041666666666664,26,0
2023-06-04 01:00:00,13.900246,0,13.32,5.1165614,28,0,1,0,0,0,0,0,0,1,26.0,48.958333333333336,12,0
2023-06-04 02:00:00,13.720245,0,12.24,5.3517847,29,0,2,0,0,0,0,0,0,1,12.0,48.833333333333336,15,0
2023-06-04 03:00:00,13.350245,0,10.799999,4.198285,39,0,3,0,0,0,0,0,0,1,15.0,48.916666666666664,3,0
2023-06-04 04:00:00,12.840245,0,10.08,1.9386592,41,16.218517,4,0,0,0,0,0,0,1,3.0,48.875,2,0
2023-06-04 05:00:00,14.450245,0,10.08,2.5455842,32,40.606064,5,0,0,0,0,0,0,1,2.0,48.875,2,0
2023-06-04 06:00:00,16.290245,0,12.24,1.4399999,33,39.999996,6,0,0,0,0,0,0,1,2.0,48.791666666666664,7,0
2023-06-04 07:00:00,18.010244,0,11.159999,2.5959969,32,40.606064,7,0,0,0,0,0,0,1,7.0,48.833333333333336,27,0
2023-06-04 08:00:00,19.440245,0,14.04,3.319036,33,39.999996,8,0,0,0,0,0,0,1,27.0,49.208333333333336,30,0
2023-06-04 09:00:00,20.880245,0,16.56,4.3349743,35,38.78788,9,0,0,0,0,0,0,1,30.0,49.583333333333336,38,0
2023-06-04 10:00:00,22.250246,0,18.72,8.404285,23,46.060608,10,0,0,0,0,0,0,1,38.0,49.875,40,0
2023-06-04 11:00:00,23.660246,0,19.8,7.8954163,20,47.878788,11,0,0,0,0,0,0,1,40.0,49.791666666666664,47,0
2023-06-04 12:00:00,24.840246,0,20.519999,8.78872,16,50.303032,12,0,0,0,0,0,0,1,47.0,49.791666666666664,56,0
2023-06-04 13:00:00,25.450245,0,21.96,8.0899935,21,47.272724,13,0,0,0,0,0,0,1,56.0,49.541666666666664,55,0
2023-06-04 14:00:00,26.420246,0,23.4,8.714677,20,47.878788,14,0,0,0,0,0,0,1,55.0,49.791666666666664,93,0
2023-06-04 15:00:00,26.700245,0,25.919998,10.009036,25,44.848488,15,0,0,0,0,0,0,1,93.0,50.166666666666664,104,0
2023-06-04 16:00:00,25.290245,0.6,25.199999,11.709688,19,48.484848,16,0,0,0,0,0,0,1,104.0,50.791666666666664,94,0
2023-06-04 17:00:00,24.410246,0,26.28,11.983188,33,39.999996,17,0,0,0,0,0,0,1,94.0,51.708333333333336,111,0
2023-06-04 18:00:00,23.330246,0,21.96,8.699793,33,39.999996,18,0,0,0,0,0,0,1,111.0,52.75,95,0
2023-06-04 19:00:00,21.540245,0,19.8,7.5170207,37,39.999996,19,0,0,0,0,0,0,1,95.0,52.375,121,0
2023-06-04 20:00:00,19.240246,0,17.64,7.8625183,18,39.999996,20,0,0,0,0,0,0,1,121.0,53.125,86,0
2023-06-04 21:00:00,17.860245,0,16.919998,8.12197,12,39.999996,21,0,0,0,0,0,0,1,86.0,51.708333333333336,70,0
2023-06-04 22:00:00,16.030245,0,16.919998,7.5170207,30,39.999996,22,0,0,0,0,0,0,1,70.0,52.666666666666664,88,0
2023-06-04 23:00:00,15.130245,0,17.28,7.771331,8,0,23,0,0,0,0,0,0,1,88.0,52.916666666666664,18,0
2023-06-05 00:00:00,15.0602455,0,16.199999,6.763786,0,0,0,1,0,0,0,0,0,0,18.0,51.666666666666664,5,0
2023-06-05 01:00:00,14.110246,0,14.4,5.692099,1,0,1,1,0,0,0,0,0,0,5.0,50.791666666666664,2,0
2023-06-05 02:00:00,13.280245,0,13.32,5.6233797,2,0,2,1,0,0,0,0,0,0,2.0,50.375,2,0
2023-06-05 03:00:00,12.600245,0,12.959999,5.1165614,2,0,3,1,0,0,0,0,0,0,2.0,49.833333333333336,1,0
2023-06-05 04:00:00,11.820246,0,12.24,4.6800003,4,27.0766,4,1,0,0,0,0,0,0,1.0,49.75,1,0
2023-06-05 05:00:00,13.950245,0,11.879999,2.9024127,1,59.393936,5,1,0,0,0,0,0,0,1.0,49.708333333333336,13,0
2023-06-05 06:00:00,16.410246,0,12.599999,2.8116899,0,60,6,1,0,0,0,0,0,0,13.0,50.166666666666664,40,1
2023-06-05 07:00:00,18.810246,0,13.679999,3.8773184,0,60,7,1,0,0,0,0,0,0,40.0,51.541666666666664,43,1
2023-06-05 08:00:00,20.870245,0,16.56,4.3498964,1,59.393936,8,1,0,0,0,0,0,0,43.0,52.208333333333336,69,1
2023-06-05 09:00:00,22.770245,0,19.08,5.4833565,7,55.757576,9,1,0,0,0,0,0,0,69.0,53.833333333333336,63,1
2023-06-05 10:00:00,24.120245,0,22.319998,8.891343,25,44.848488,10,1,0,0,0,0,0,0,63.0,54.875,52,0
2023-06-05 11:00:00,25.200245,0,24.84,8.854829,10,53.939396,11,1,0,0,0,0,0,0,52.0,55.375,36,0
2023-06-05 12:00:00,25.960245,0,25.199999,8.707237,8,55.151512,12,1,0,0,0,0,0,0,36.0,54.916666666666664,29,0
2023-06-05 13:00:00,26.560246,0,26.64,8.654987,4,57.575756,13,1,0,0,0,0,0,0,29.0,53.791666666666664,31,0
2023-06-05 14:00:00,26.950245,0,27.359999,10.00256,10,53.939396,14,1,0,0,0,0,0,0,31.0,52.791666666666664,54,0
2023-06-05 15:00:00,27.210245,0,26.64,11.631956,28,43.0303,15,1,0,0,0,0,0,0,54.0,51.166666666666664,37,0
2023-06-05 16:00:00,26.790245,0,26.64,11.620809,34,39.39394,16,1,0,0,0,0,0,0,37.0,48.375,55,0
2023-06-05 17:00:00,26.230246,0,25.199999,11.770403,37,37.57576,17,1,0,0,0,0,0,0,55.0,46.75,76,0
2023-06-05 18:00:00,24.680244,0,22.319998,7.42159,27,43.636364,18,1,0,0,0,0,0,0,76.0,45.291666666666664,64,0
2023-06-05 19:00:00,22.620245,0,17.64,1.609969,28,43.0303,19,1,0,0,0,0,0,0,64.0,44.0,71,0
2023-06-05 20:00:00,21.250246,0,11.879999,2.5455842,23,19.524578,20,1,0,0,0,0,0,0,71.0,41.916666666666664,68,0
2023-06-05 21:00:00,18.690245,0,11.5199995,3.7064266,8,0,21,1,0,0,0,0,0,0,68.0,41.166666666666664,31,0
2023-06-05 22:00:00,18.630245,0,11.5199995,7.24486,54,0,22,1,0,0,0,0,0,0,31.0,39.541666666666664,23,0
2023-06-05 23:00:00,17.680244,0,11.5199995,5.4477882,45,0,23,1,0,0,0,0,0,0,23.0,36.833333333333336,20,0
2023-06-06 00:00:00,16.540245,0,11.159999,4.802999,30,0,0,0,1,0,0,0,0,0,20.0,36.916666666666664,4,0
2023-06-06 01:00:00,14.280245,0,11.5199995,5.00128,24,0,1,0,1,0,0,0,0,0,4.0,36.875,2,0
2023-06-06 02:00:00,12.940246,0,12.24,5.634891,21,0,2,0,1,0,0,0,0,0,2.0,36.875,2,0
2023-06-06 03:00:00,12.360246,0,12.24,4.5536795,17,0,3,0,1,0,0,0,0,0,2.0,36.875,1,0
2023-06-06 04:00:00,12.580245,0,11.879999,2.968636,8,26.304207,4,0,1,0,0,0,0,0,1.0,36.875,2,0
2023-06-06 05:00:00,14.740245,0,11.159999,3.2599385,5,56.9697,5,0,1,0,0,0,0,0,2.0,36.916666666666664,13,0
2023-06-06 06:00:00,17.290245,0,12.599999,2.8799999,7,55.757576,6,0,1,0,0,0,0,0,13.0,36.916666666666664,30,0
2023-06-06 07:00:00,19.280245,0,13.679999,3.5455887,13,52.121212,7,0,1,0,0,0,0,0,30.0,36.5,36,0
2023-06-06 08:00:00,21.200245,0,16.56,4.6938257,14,51.51515,8,0,1,0,0,0,0,0,36.0,36.208333333333336,57,0
2023-06-06 09:00:00,23.130245,0,23.039999,6.763786,4,57.575756,9,0,1,0,0,0,0,0,57.0,35.708333333333336,57,0
2023-06-06 10:00:00,24.700245,0,24.48,6.489992,28,43.0303,10,0,1,0,0,0,0,0,57.0,35.458333333333336,34,0
2023-06-06 11:00:00,25.460245,0,23.759998,6.28713,30,41.81818,11,0,1,0,0,0,0,0,34.0,34.708333333333336,40,0
2023-06-06 12:00:00,26.320246,0,24.119999,5.95906,32,40.606064,12,0,1,0,0,0,0,0,40.0,34.875,39,0
2023-06-06 13:00:00,26.940245,0,25.199999,6.3690495,25,44.848488,13,0,1,0,0,0,0,0,39.0,35.291666666666664,30,0
2023-06-06 14:00:00,27.090246,0,25.199999,7.7879906,36,38.181816,14,0,1,0,0,0,0,0,30.0,35.25,29,0
2023-06-06 15:00:00,27.190245,0,24.84,9.693296,38,36.969692,15,0,1,0,0,0,0,0,29.0,34.208333333333336,41,0
2023-06-06 16:00:00,27.120245,0,23.4,10.883676,30,41.81818,16,0,1,0,0,0,0,0,41.0,34.375,78,0
2023-06-06 17:00:00,26.530245,0,21.24,9.957108,20,47.878788,17,0,1,0,0,0,0,0,78.0,35.333333333333336,66,0
2023-06-06 18:00:00,25.260244,0,16.919998,6.4096174,21,47.272724,18,0,1,0,0,0,0,0,66.0,34.916666666666664,75,0
2023-06-06 19:00:00,24.480246,0,16.56,7.342588,21,47.272724,19,0,1,0,0,0,0,0,75.0,35.375,119,0
2023-06-06 20:00:00,21.220245,0,16.919998,7.628263,7.8,24.13576,20,0,1,0,0,0,0,0,119.0,37.375,47,0
2023-06-06 21:00:00,18.720245,0,16.919998,7.10031,11,0,21,0,1,0,0,0,0,0,47.0,36.5,53,0
2023-06-06 22:00:00,16.940245,0,16.56,8.707237,35,0,22,0,1,0,0,0,0,0,53.0,37.416666666666664,22,0
2023-06-06 23:00:00,16.050245,0,15.4800005,7.5942082,10.8,0,23,0,1,0,0,0,0,0,22.0,37.375,17,0
2023-06-07 00:00:00,14.930245,0,14.4,7.653705,6,0,0,0,0,1,0,0,0,0,17.0,37.25,5,0
2023-06-07 01:00:00,14.350245,0,14.04,5.8048253,5,0,1,0,0,1,0,0,0,0,5.0,37.291666666666664,2,0
2023-06-07 02:00:00,13.390245,0,13.679999,6.12,3,0,2,0,0,1,0,0,0,0,2.0,37.291666666666664,2,0
2023-06-07 03:00:00,12.980246,0,13.32,5.634891,3,0,3,0,0,1,0,0,0,0,2.0,37.291666666666664,1,0
2023-06-07 04:00:00,12.700245,0,12.599999,4.3498964,1,28.70707,4,0,0,1,0,0,0,0,1.0,37.291666666666664,2,0
2023-06-07 05:00:00,14.730246,0,11.5199995,3.7064266,0,60,5,0,0,1,0,0,0,0,2.0,37.291666666666664,11,0
2023-06-07 06:00:00,17.070246,0,12.959999,3.8268526,0,60,6,0,0,1,0,0,0,0,11.0,37.208333333333336,31,0
2023-06-07 07:00:00,19.430244,0,15.4800005,4.8965297,1,59.393936,7,0,0,1,0,0,0,0,31.0,37.25,25,0
2023-06-07 08:00:00,21.530245,0,17.64,5.1165614,1,59.393936,8,0,0,1,0,0,0,0,25.0,36.791666666666664,34,0
2023-06-07 09:00:00,23.300245,0,18.359999,4.8433046,0,60,9,0,0,1,0,0,0,0,34.0,35.833333333333336,54,0
2023-06-07 10:00:00,24.930244,0,18.72,5.8603754,1,59.393936,10,0,0,1,0,0,0,0,54.0,35.708333333333336,47,0
2023-06-07 11:00:00,25.900246,0,19.8,5.8048253,13,52.121212,11,0,0,1,0,0,0,0,47.0,36.25,35,0
2023-06-07 12:00:00,26.490246,0,20.880001,7.4128532,19,48.484848,12,0,0,1,0,0,0,0,35.0,36.041666666666664,44,0
2023-06-07 13:00:00,26.990246,0,21.24,8.225035,20,47.878788,13,0,0,1,0,0,0,0,44.0,36.25,38,0
2023-06-07 14:00:00,27.330246,0,21.96,8.4042845,24,45.454544,14,0,0,1,0,0,0,0,38.0,36.583333333333336,46,0
2023-06-07 15:00:00,27.410246,0,20.519999,9.47012,25,44.848488,15,0,0,1,0,0,0,0,46.0,37.291666666666664,44,0
2023-06-07 16:00:00,27.050245,0,17.64,10.239453,18,49.090908,16,0,0,1,0,0,0,0,44.0,37.416666666666664,68,0
2023-06-07 17:00:00,26.530245,0,15.4800005,10.182337,25,44.848488,17,0,0,1,0,0,0,0,68.0,37.0,69,0
2023-06-07 18:00:00,25.250246,0,13.32,8.350138,27,43.636364,18,0,0,1,0,0,0,0,69.0,37.125,79,0
2023-06-07 19:00:00,21.760244,0,18.72,7.2359104,24,45.454544,19,0,0,1,0,0,0,0,79.0,37.291666666666664,114,0
2023-06-07 20:00:00,18.930244,0,15.119999,8.209263,22,20.974073,20,0,0,1,0,0,0,0,114.0,37.083333333333336,67,0
2023-06-07 21:00:00,17.070246,0,15.119999,9,20,0,21,0,0,1,0,0,0,0,67.0,37.916666666666664,47,0
2023-06-07 22:00:00,16.230246,0,14.4,4.0249224,17.7,0,22,0,0,1,0,0,0,0,47.0,37.666666666666664,35,0
2023-06-07 23:00:00,15.450245,0,12.599999,4.3349743,17,0,23,0,0,1,0,0,0,0,35.0,38.208333333333336,16,0
2023-06-08 00:00:00,14.490245,0,12.24,5.506941,16,0,0,0,0,0,1,0,0,0,16.0,38.166666666666664,5,0
2023-06-08 01:00:00,13.880245,0,11.879999,5.3517847,10,0,1,0,0,0,1,0,0,0,5.0,38.166666666666664,2,0
2023-06-08 02:00:00,13.170245,0,11.159999,4.510787,6,0,2,0,0,0,1,0,0,0,2.0,38.166666666666664,2,0
2023-06-08 03:00:00,12.690246,0,10.799999,4.3498964,1,0,3,0,0,0,1,0,0,0,2.0,38.166666666666664,1,0
2023-06-08 04:00:00,13.220245,0,10.799999,4.2136917,1.2,29.043636,4,0,0,0,1,0,0,0,1.0,38.166666666666664,2,0
2023-06-08 05:00:00,15.490245,0,9.72,2.0364676,9,54.545452,5,0,0,0,1,0,0,0,2.0,38.166666666666664,14,0
2023-06-08 06:00:00,17.910246,0,11.5199995,2.968636,15,50.909096,6,0,0,0,1,0,0,0,14.0,38.291666666666664,36,0
2023-06-08 07:00:00,19.950245,0,13.32,3.8773184,23,46.060608,7,0,0,0,1,0,0,0,36.0,38.5,33,0
2023-06-08 08:00:00,22.010244,0,14.759999,3.096837,19,48.484848,8,0,0,0,1,0,0,0,33.0,38.833333333333336,45,0
2023-06-08 09:00:00,23.900246,0,15.4800005,2.0364676,19,48.484848,9,0,0,0,1,0,0,0,45.0,39.291666666666664,42,0
2023-06-08 10:00:00,25.180244,0,17.28,2.4149535,38,36.969692,10,0,0,0,1,0,0,0,42.0,38.791666666666664,41,0
2023-06-08 11:00:00,26.370245,0,18,2.9024127,40,35.757576,11,0,0,0,1,0,0,0,41.0,38.541666666666664,27,0
2023-06-08 12:00:00,27.150246,0,17.28,1.835647,14,51.51515,12,0,0,0,1,0,0,0,27.0,38.208333333333336,34,0
2023-06-08 13:00:00,27.750246,0,16.919998,1.4399999,43,33.939392,13,0,0,0,1,0,0,0,34.0,37.791666666666664,33,0
2023-06-08 14:00:00,27.560246,0,15.4800005,5.0142193,41,35.151512,14,0,0,0,1,0,0,0,33.0,37.583333333333336,34,0
2023-06-08 15:00:00,28.320246,0,14.759999,5.692099,20,47.878788,15,0,0,0,1,0,0,0,34.0,37.083333333333336,50,0
2023-06-08 16:00:00,27.240246,0.2,15.4800005,4.6102495,38,36.969692,16,0,0,0,1,0,0,0,50.0,37.333333333333336,54,0
2023-06-08 17:00:00,26.590246,0,16.199999,9.178235,28,43.0303,17,0,0,0,1,0,0,0,54.0,36.75,55,0
2023-06-08 18:00:00,25.250246,0,12.959999,7.7879906,25,44.848488,18,0,0,0,1,0,0,0,55.0,36.166666666666664,57,0
2023-06-08 19:00:00,23.880245,0,16.56,6.297428,20,47.878788,19,0,0,0,1,0,0,0,57.0,35.25,82,0
2023-06-08 20:00:00,20.600245,0,12.24,6.989936,22,21.557407,20,0,0,0,1,0,0,0,82.0,33.916666666666664,59,0
2023-06-08 21:00:00,18.350245,0,10.799999,6.9153743,18,0,21,0,0,0,1,0,0,0,59.0,33.583333333333336,59,0
2023-06-08 22:00:00,16.690245,0,11.879999,5.5887027,32,0,22,0,0,0,1,0,0,0,59.0,34.083333333333336,27,0
2023-06-08 23:00:00,16.180246,0,12.24,3.9763298,10,0,23,0,0,0,1,0,0,0,27.0,33.75,28,0
2023-06-09 00:00:00,15.100245,0,11.879999,3.319036,8,0,0,0,0,0,0,1,0,0,28.0,34.25,6,0
2023-06-09 01:00:00,14.110246,0,11.5199995,4.1046314,5,0,1,0,0,0,0,1,0,0,6.0,34.291666666666664,2,0
2023-06-09 02:00:00,13.580245,0,11.5199995,4.3349743,3,0,2,0,0,0,0,1,0,0,2.0,34.291666666666664,2,0
2023-06-09 03:00:00,13.320246,0,11.5199995,3.6,4,0,3,0,0,0,0,1,0,0,2.0,34.291666666666664,1,0
2023-06-09 04:00:00,13.270246,0,11.5199995,3.2399998,3,28.880808,4,0,0,0,0,1,0,0,1.0,34.291666666666664,2,0
2023-06-09 05:00:00,15.620245,0,12.24,4.379589,0,60,5,0,0,0,0,1,0,0,2.0,34.291666666666664,13,0
2023-06-09 06:00:00,18.020245,0,14.04,3.2399998,2,58.78788,6,0,0,0,0,1,0,0,13.0,34.25,36,0
2023-06-09 07:00:00,20.280245,0,14.04,3.671294,0,60,7,0,0,0,0,1,0,0,36.0,34.25,51,0
2023-06-09 08:00:00,22.300245,0,15.84,4.5536795,0.3,59.81818,8,0,0,0,0,1,0,0,51.0,35.0,45,0
2023-06-09 09:00:00,24.150246,0,18.72,6.379216,6,56.363636,9,0,0,0,0,1,0,0,45.0,35.0,49,0
2023-06-09 10:00:00,26.030245,0,21.24,10.233123,42,34.545456,10,0,0,0,0,1,0,0,49.0,35.291666666666664,33,0
2023-06-09 11:00:00,27.310246,0,22.68,11.983188,34,39.39394,11,0,0,0,0,1,0,0,33.0,34.958333333333336,25,0
2023-06-09 12:00:00,28.620245,0,22.68,10.636766,22,46.666668,12,0,0,0,0,1,0,0,25.0,34.875,48,0
2023-06-09 13:00:00,29.330246,0,21.599998,9.504273,19,48.484848,13,0,0,0,0,1,0,0,48.0,35.458333333333336,40,0
2023-06-09 14:00:00,29.600245,0,21.24,8.699793,25,44.848488,14,0,0,0,0,1,0,0,40.0,35.75,50,0
2023-06-09 15:00:00,29.170246,0,21.599998,8.373386,24,45.454544,15,0,0,0,0,1,0,0,50.0,36.416666666666664,44,0
2023-06-09 16:00:00,29.080246,0,23.039999,7.928177,26.1,44.18182,16,0,0,0,0,1,0,0,44.0,36.166666666666664,68,0
2023-06-09 17:00:00,28.310246,0,22.319998,8.669949,23.7,45.636364,17,0,0,0,0,1,0,0,68.0,36.75,78,0
2023-06-09 18:00:00,26.930244,0,19.44,5.991594,19.2,48.363636,18,0,0,0,0,1,0,0,78.0,37.708333333333336,115,0
2023-06-09 19:00:00,24.570246,0,15.84,6.439876,23.7,45.636364,19,0,0,0,0,1,0,0,115.0,40.125,85,0
2023-06-09 20:00:00,22.560246,0,16.199999,6.792466,26.7,20.789295,20,0,0,0,0,1,0,0,85.0,40.25,88,0
2023-06-09 21:00:00,21.540245,0,18.359999,8.287822,22.800001,0,21,0,0,0,0,1,0,0,88.0,41.458333333333336,63,0
2023-06-09 22:00:00,20.640245,0,16.919998,5.6233797,61,0,22,0,0,0,0,1,0,0,63.0,41.625,69,0
2023-06-09 23:00:00,20.990246,0,12.959999,2.8799999,57,0,23,0,0,0,0,1,0,0,69.0,43.375,38,0
2023-06-10 00:00:00,19.390245,0,8.64,3.9763298,25,0,0,0,0,0,0,0,1,0,38.0,43.791666666666664,16,0
2023-06-10 01:00:00,18.260244,0,9.72,4.6800003,20,0,1,0,0,0,0,0,1,0,16.0,44.208333333333336,11,0
2023-06-10 02:00:00,16.580246,0,10.440001,4.198285,21,0,2,0,0,0,0,0,1,0,11.0,44.583333333333336,10,0
2023-06-10 03:00:00,16.280245,0,9.72,4.3349743,35,0,3,0,0,0,0,0,1,0,10.0,44.916666666666664,5,0
2023-06-10 04:00:00,15.570246,0,9.72,4.1046314,32,20.370707,4,0,0,0,0,0,1,0,5.0,45.083333333333336,3,0
2023-06-10 05:00:00,17.830246,0,9.36,3.319036,16,50.303032,5,0,0,0,0,0,1,0,3.0,45.125,2,0
2023-06-10 06:00:00,20.010244,0,11.159999,3.0758414,6,56.363636,6,0,0,0,0,0,1,0,2.0,44.666666666666664,5,0
2023-06-10 07:00:00,21.700245,0,13.679999,3.0758414,2,58.78788,7,0,0,0,0,0,1,0,5.0,43.375,26,0
2023-06-10 08:00:00,23.300245,0,15.4800005,3.219938,3,58.18182,8,0,0,0,0,0,1,0,26.0,42.333333333333336,26,0
2023-06-10 09:00:00,24.720245,0,23.039999,3.9763298,7,55.757576,9,0,0,0,0,0,1,0,26.0,41.541666666666664,42,0
2023-06-10 10:00:00,26.390245,0,23.039999,5.00128,15,50.909096,10,0,0,0,0,0,1,0,42.0,41.25,55,0
2023-06-10 11:00:00,27.400246,0,22.68,5.8603754,16,50.909096,11,0,0,0,0,0,1,0,55.0,42.166666666666664,47,0
2023-06-10 12:00:00,28.370245,0,21.24,6.696387,33,50.909096,12,0,0,0,0,0,1,0,47.0,43.083333333333336,43,0
2023-06-10 13:00:00,28.830246,0,21.96,7.386582,33,50.909096,13,0,0,0,0,0,1,0,43.0,42.875,54,0
2023-06-10 14:00:00,29.320246,0,23.4,7.9932966,33,43.636364,14,0,0,0,0,0,1,0,54.0,43.458333333333336,88,0
2023-06-10 15:00:00,29.560246,0,23.4,8.78872,33,43.636364,15,0,0,0,0,0,1,0,88.0,45.041666666666664,106,0
2023-06-10 16:00:00,29.410246,0,21.96,8.669949,33,49.090908,16,0,0,0,0,0,1,0,106.0,47.625,87,0
2023-06-10 17:00:00,28.890245,0,21.96,9.422101,33,39.39394,17,0,0,0,0,0,1,0,87.0,48.416666666666664,90,0
2023-06-10 18:00:00,27.540245,0,20.519999,8.913181,33,46.666668,18,0,0,0,0,0,1,0,90.0,48.916666666666664,83,0
2023-06-10 19:00:00,25.700245,0,19.8,6.193674,23,46.060608,19,0,0,0,0,0,1,0,83.0,47.583333333333336,97,0
2023-06-10 20:00:00,23.640245,0,15.119999,5.904439,25,21.739058,20,0,0,0,0,0,1,0,97.0,48.083333333333336,81,0
2023-06-10 21:00:00,22.370245,0,15.4800005,7.127636,24,0,21,0,0,0,0,0,1,0,81.0,47.791666666666664,89,0
2023-06-10 22:00:00,20.360245,0,14.04,6.130579,22,0,22,0,0,0,0,0,1,0,89.0,48.875,95,0
2023-06-10 23:00:00,19.130245,0,13.32,5.8048253,20.400002,0,23,0,0,0,0,0,1,0,95.0,49.958333333333336,41,0
2023-06-11 00:00:00,18.710245,0,12.24,1.835647,15.000001,0,0,0,0,0,0,0,0,1,41.0,50.083333333333336,28,0
2023-06-11 01:00:00,17.660246,0,11.879999,1.9386592,11,0,1,0,0,0,0,0,0,1,28.0,50.583333333333336,7,0
2023-06-11 02:00:00,16.940245,0,11.879999,3.2599385,7,0,2,0,0,0,0,0,0,1,7.0,50.416666666666664,10,0
2023-06-11 03:00:00,16.380245,0,11.5199995,4.452954,2.1000001,0,3,0,0,0,0,0,0,1,10.0,50.416666666666664,5,0
2023-06-11 04:00:00,16.450245,0,11.5199995,2.9024127,0,30.283333,4,0,0,0,0,0,0,1,5.0,50.416666666666664,2,0
2023-06-11 05:00:00,18.290245,0,11.5199995,3.219938,0,60,5,0,0,0,0,0,0,1,2.0,50.375,3,0
2023-06-11 06:00:00,20.690245,0,14.4,3.6,0,60,6,0,0,0,0,0,0,1,3.0,50.416666666666664,7,0
2023-06-11 07:00:00,22.470245,0,16.199999,5.4477882,0,60,7,0,0,0,0,0,0,1,7.0,50.5,24,0
2023-06-11 08:00:00,24.170246,0,18.72,5.771239,0,60,8,0,0,0,0,0,0,1,24.0,50.416666666666664,35,0
2023-06-11 09:00:00,25.600245,0,19.08,4.802999,1,59.393936,9,0,0,0,0,0,0,1,35.0,50.791666666666664,37,0
2023-06-11 10:00:00,26.770245,0,24.84,6.792466,12,52.727272,10,0,0,0,0,0,0,1,37.0,50.583333333333336,31,0
2023-06-11 11:00:00,27.860245,0,24.48,7.9036193,13,52.121212,11,0,0,0,0,0,0,1,31.0,49.583333333333336,28,0
2023-06-11 12:00:00,29.050245,0,25.919998,8.891343,22,46.666668,12,0,0,0,0,0,0,1,28.0,48.791666666666664,45,0
2023-06-11 13:00:00,29.220245,0,26.64,9.585739,30,41.81818,13,0,0,0,0,0,0,1,45.0,48.875,45,0
2023-06-11 14:00:00,29.580246,0,27.359999,11.304229,33,39.999996,14,0,0,0,0,0,0,1,45.0,48.5,69,0
2023-06-11 15:00:00,29.630245,0,27.359999,12.181624,39,36.36364,15,0,0,0,0,0,0,1,69.0,47.708333333333336,93,0
2023-06-11 16:00:00,29.620245,0,27.72,12.979984,27,43.636364,16,0,0,0,0,0,0,1,93.0,47.166666666666664,83,0
2023-06-11 17:00:00,28.920246,0,26.28,12.10157,21,47.272724,17,0,0,0,0,0,0,1,83.0,47.0,73,0
2023-06-11 18:00:00,27.920246,0,23.759998,9.504273,11,53.333332,18,0,0,0,0,0,0,1,73.0,46.291666666666664,120,0
2023-06-11 19:00:00,25.210245,0,20.880001,7.8954163,1,59.393936,19,0,0,0,0,0,0,1,120.0,47.833333333333336,106,0
2023-06-11 20:00:00,24.690245,0,16.919998,8.287822,2.1000001,29.053686,20,0,0,0,0,0,0,1,106.0,48.208333333333336,88,0
2023-06-11 21:00:00,21.430244,0,16.919998,8.891343,1,0,21,0,0,0,0,0,0,1,88.0,48.5,81,0
2023-06-11 22:00:00,19.650246,0,16.919998,9,21,0,22,0,0,0,0,0,0,1,81.0,48.166666666666664,76,0
2023-06-11 23:00:00,18.300245,0,16.919998,7.9932966,4,0,23,0,0,0,0,0,0,1,76.0,47.375,37,0
2023-06-12 00:00:00,17.600245,0,16.199999,8.435069,0,0,0,1,0,0,0,0,0,0,37.0,47.208333333333336,5,0
2023-06-12 01:00:00,16.900246,0,14.759999,6.193674,0,0,1,1,0,0,0,0,0,0,5.0,46.25,2,0
2023-06-12 02:00:00,15.920245,0,14.04,6.1094027,0,0,2,1,0,0,0,0,0,0,2.0,46.041666666666664,2,0
2023-06-12 03:00:00,15.340245,0,12.959999,6.489992,0,0,3,1,0,0,0,0,0,0,2.0,45.708333333333336,1,0
2023-06-12 04:00:00,14.140245,0,12.599999,5.815978,0,30.483334,4,1,0,0,0,0,0,0,1.0,45.541666666666664,2,0
2023-06-12 05:00:00,16.740246,0,12.599999,2.9024127,0,60,5,1,0,0,0,0,0,0,2.0,45.541666666666664,8,0
2023-06-12 06:00:00,19.610245,0,13.679999,4.1046314,0,60,6,1,0,0,0,0,0,0,8.0,45.75,40,1
2023-06-12 07:00:00,21.800245,0,16.919998,5.6233797,0,60,7,1,0,0,0,0,0,0,40.0,47.125,50,1
2023-06-12 08:00:00,23.540245,0,21.24,7.7043357,0,60,8,1,0,0,0,0,0,0,50.0,48.208333333333336,62,1
2023-06-12 09:00:00,25.210245,0,24.84,9.290511,0,60,9,1,0,0,0,0,0,0,62.0,49.333333333333336,64,1
2023-06-12 10:00:00,26.830246,0,25.919998,10.685391,0,60,10,1,0,0,0,0,0,0,64.0,50.458333333333336,42,0
2023-06-12 11:00:00,28.030245,0,26.28,10.383987,0,60,11,1,0,0,0,0,0,0,42.0,50.916666666666664,35,0
2023-06-12 12:00:00,28.780245,0,26.28,10.514218,0,60,12,1,0,0,0,0,0,0,35.0,51.208333333333336,40,0
2023-06-12 13:00:00,29.410246,0,26.28,10.97262,0,60,13,1,0,0,0,0,0,0,40.0,51.0,39,0
2023-06-12 14:00:00,29.750246,0,27,11.212135,0,60,14,1,0,0,0,0,0,0,39.0,50.75,35,0
2023-06-12 15:00:00,29.810246,0,27.359999,12.538134,2,58.78788,15,1,0,0,0,0,0,0,35.0,49.333333333333336,60,0
2023-06-12 16:00:00,29.540245,0,27.359999,13.513193,12,52.727272,16,1,0,0,0,0,0,0,60.0,47.958333333333336,45,0
2023-06-12 17:00:00,29.190245,0,27,14.05845,26,44.242424,17,1,0,0,0,0,0,0,45.0,46.375,29,0
2023-06-12 18:00:00,27.950245,0,26.64,12.682018,13,52.121212,18,1,0,0,0,0,0,0,29.0,44.541666666666664,55,0
2023-06-12 19:00:00,25.820246,0,27.359999,9.085988,6,56.363636,19,1,0,0,0,0,0,0,55.0,41.833333333333336,84,0
2023-06-12 20:00:00,23.280245,0,20.519999,7.7879906,2,29.671547,20,1,0,0,0,0,0,0,84.0,40.916666666666664,77,0
2023-06-12 21:00:00,21.280245,0,18.359999,7.7879906,1.2,0,21,1,0,0,0,0,0,0,77.0,40.458333333333336,66,0
2023-06-12 22:00:00,19.300245,0,18,8.587338,0,0,22,1,0,0,0,0,0,0,66.0,39.833333333333336,34,0
2023-06-12 23:00:00,17.840246,0,18.359999,7.9932966,0,0,23,1,0,0,0,0,0,0,34.0,38.083333333333336,14,0
2023-06-13 00:00:00,16.400246,0,18,6.763786,0,0,0,0,1,0,0,0,0,0,14.0,37.125,4,0
2023-06-13 01:00:00,15.090245,0,17.28,5.95906,1.5,0,1,0,1,0,0,0,0,0,4.0,37.083333333333336,2,0
2023-06-13 02:00:00,14.010245,0,16.919998,6.763786,2.4,0,2,0,1,0,0,0,0,0,2.0,37.083333333333336,2,0
2023-06-13 03:00:00,13.630245,0,16.56,6.9247384,6.9,0,3,0,1,0,0,0,0,0,2.0,37.083333333333336,1,0
2023-06-13 04:00:00,13.870245,0,15.4800005,6.1305785,10.5,27.42904,4,0,1,0,0,0,0,0,1.0,37.083333333333336,2,0
2023-06-13 05:00:00,15.870245,0,14.4,5.3999996,9,54.545452,5,0,1,0,0,0,0,0,2.0,37.083333333333336,13,0
2023-06-13 06:00:00,18.520245,0,15.84,6.1305785,2.7,58.36364,6,0,1,0,0,0,0,0,13.0,37.291666666666664,17,0
2023-06-13 07:00:00,20.340246,0,23.039999,8.854829,0.3,59.81818,7,0,1,0,0,0,0,0,17.0,36.333333333333336,47,0
2023-06-13 08:00:00,21.830246,0,26.28,9.339208,0.6,59.636364,8,0,1,0,0,0,0,0,47.0,36.208333333333336,61,0
2023-06-13 09:00:00,23.230246,0,26.64,9.085988,3.3000002,58,9,0,1,0,0,0,0,0,61.0,36.166666666666664,39,0
2023-06-13 10:00:00,24.800245,0,27.72,9.686609,8.1,55.090908,10,0,1,0,0,0,0,0,39.0,35.125,37,0
2023-06-13 11:00:00,26.090246,0,29.16,12.819235,9,54.545452,11,0,1,0,0,0,0,0,37.0,34.916666666666664,29,0
2023-06-13 12:00:00,27.120245,0,29.16,13.246826,9.3,54.363636,12,0,1,0,0,0,0,0,29.0,34.666666666666664,26,0
2023-06-13 13:00:00,27.830246,0,28.8,13.513193,3.3000002,58,13,0,1,0,0,0,0,0,26.0,34.083333333333336,45,0
2023-06-13 14:00:00,28.250246,0,28.44,13.104198,1.2,59.272728,14,0,1,0,0,0,0,0,45.0,34.333333333333336,42,0
2023-06-13 15:00:00,28.490246,0,28.8,13.392774,0,60,15,0,1,0,0,0,0,0,42.0,34.625,72,0
2023-06-13 16:00:00,28.370245,0,30.239998,13.896187,0,60,16,0,1,0,0,0,0,0,72.0,35.125,74,0
2023-06-13 17:00:00,27.760244,0,30.599998,14.4,0,60,17,0,1,0,0,0,0,0,74.0,36.333333333333336,70,0
2023-06-13 18:00:00,26.620245,0,30.239998,12.819235,0,60,18,0,1,0,0,0,0,0,70.0,38.041666666666664,64,0
2023-06-13 19:00:00,24.330246,0,28.08,8.913181,0,60,19,0,1,0,0,0,0,0,64.0,38.416666666666664,77,0
2023-06-13 20:00:00,21.040245,0,20.519999,8.404285,0,30.9,20,0,1,0,0,0,0,0,77.0,38.125,77,0
2023-06-13 21:00:00,18.470245,0,19.8,8.404285,0,0,21,0,1,0,0,0,0,0,77.0,38.125,37,0
2023-06-13 22:00:00,16.640245,0,19.08,8.404285,0,0,22,0,1,0,0,0,0,0,37.0,36.916666666666664,18,0
2023-06-13 23:00:00,15.260245,0,18,8.435069,0,0,23,0,1,0,0,0,0,0,18.0,36.25,22,0
2023-06-14 00:00:00,14.770246,0,16.56,5.495161,0,0,0,0,0,1,0,0,0,0,22.0,36.583333333333336,5,0
2023-06-14 01:00:00,13.220245,0,14.759999,3.8268526,0,0,1,0,0,1,0,0,0,0,5.0,36.625,2,0
2023-06-14 02:00:00,12.040245,0,14.4,5.1165614,0.6,0,2,0,0,1,0,0,0,0,2.0,36.625,2,0
2023-06-14 03:00:00,11.320246,0,14.759999,4.6938257,0,0,3,0,0,1,0,0,0,0,2.0,36.625,1,0
2023-06-14 04:00:00,10.720245,0,14.759999,4.8965297,0.90000004,30.602575,4,0,0,1,0,0,0,0,1.0,36.625,2,0
2023-06-14 05:00:00,13.550245,0,14.4,4.198285,6,56.363636,5,0,0,1,0,0,0,0,2.0,36.625,8,0
2023-06-14 06:00:00,17.050245,0,14.759999,4.0249224,5.4,56.727272,6,0,0,1,0,0,0,0,8.0,36.416666666666664,25,0
2023-06-14 07:00:00,19.960245,0,16.919998,5.6920996,3.9,57.63636,7,0,0,1,0,0,0,0,25.0,36.75,53,0
2023-06-14 08:00:00,22.380245,0,22.68,8.373386,0.3,59.81818,8,0,0,1,0,0,0,0,53.0,37.0,52,0
2023-06-14 09:00:00,24.370245,0,27.72,10.990322,0,60,9,0,0,1,0,0,0,0,52.0,36.625,35,0
2023-06-14 10:00:00,25.900246,0,30.239998,11.435313,0,60,10,0,0,1,0,0,0,0,35.0,36.458333333333336,38,0
2023-06-14 11:00:00,26.780245,0,31.319998,12.397806,3,58.18182,11,0,0,1,0,0,0,0,38.0,36.5,32,0
2023-06-14 12:00:00,27.250246,0,32.039997,12.864649,5,56.9697,12,0,0,1,0,0,0,0,32.0,36.625,30,0
2023-06-14 13:00:00,27.810246,0,33.48,13.910169,1,59.393936,13,0,0,1,0,0,0,0,30.0,36.791666666666664,29,0
2023-06-14 14:00:00,27.850245,0,35.64,15.188415,5,56.9697,14,0,0,1,0,0,0,0,29.0,36.125,30,0
2023-06-14 15:00:00,27.630245,0,38.16,16.23596,2,58.78788,15,0,0,1,0,0,0,0,30.0,35.625,46,0
2023-06-14 16:00:00,26.950245,0,39.96,17.654688,3,58.18182,16,0,0,1,0,0,0,0,46.0,34.541666666666664,87,0
2023-06-14 17:00:00,26.180244,0,41.039997,18.72346,3,58.18182,17,0,0,1,0,0,0,0,87.0,35.083333333333336,48,0
2023-06-14 18:00:00,25.090246,0,40.68,16.575644,2,58.78788,18,0,0,1,0,0,0,0,48.0,34.166666666666664,68,0
2023-06-14 19:00:00,23.560246,0,37.079998,13.698934,4,57.575756,19,0,0,1,0,0,0,0,68.0,34.333333333333336,91,0
2023-06-14 20:00:00,21.640245,0,31.319998,11.928989,3,30.529295,20,0,0,1,0,0,0,0,91.0,34.916666666666664,66,0
2023-06-14 21:00:00,20.180244,0,27.359999,9.826088,11,0,21,0,0,1,0,0,0,0,66.0,34.458333333333336,49,0
2023-06-14 22:00:00,18.240246,0,22.319998,6.162207,7,0,22,0,0,1,0,0,0,0,49.0,34.958333333333336,40,0
2023-06-14 23:00:00,16.560246,0,17.28,7.5942073,5,0,23,0,0,1,0,0,0,0,40.0,35.875,19,0
2023-06-15 00:00:00,15.460245,0,15.4800005,7.69592,3,0,0,0,0,0,1,0,0,0,19.0,35.75,6,0
2023-06-15 01:00:00,15.180245,0,14.4,6.725354,3,0,1,0,0,0,1,0,0,0,6.0,35.791666666666664,2,0
2023-06-15 02:00:00,15.010245,0,12.959999,6.28713,4,0,2,0,0,0,1,0,0,0,2.0,35.791666666666664,2,0
2023-06-15 03:00:00,14.370245,0,11.879999,5.495161,2,0,3,0,0,0,1,0,0,0,2.0,35.791666666666664,1,0
2023-06-15 04:00:00,13.880245,0,10.440001,4.3349743,1,30.67037,4,0,0,0,1,0,0,0,1.0,35.791666666666664,2,0
2023-06-15 05:00:00,14.700245,0,8.64,2.2768397,0,60,5,0,0,0,1,0,0,0,2.0,35.791666666666664,12,0
2023-06-15 06:00:00,17.240246,0,10.440001,1.8,0,60,6,0,0,0,1,0,0,0,12.0,35.958333333333336,41,0
2023-06-15 07:00:00,19.290245,0,13.32,2.968636,1,59.393936,7,0,0,0,1,0,0,0,41.0,36.625,41,0
2023-06-15 08:00:00,21.480246,0,16.56,3.319036,4,57.575756,8,0,0,0,1,0,0,0,41.0,36.125,42,0
2023-06-15 09:00:00,23.530245,0,20.519999,3.9763298,5,56.9697,9,0,0,0,1,0,0,0,42.0,35.708333333333336,41,0
2023-06-15 10:00:00,25.180244,0,22.319998,6.28713,10,53.939396,10,0,0,0,1,0,0,0,41.0,35.958333333333336,29,0
2023-06-15 11:00:00,25.990246,0,22.319998,5.2416787,11,53.333332,11,0,0,0,1,0,0,0,29.0,35.583333333333336,28,0
2023-06-15 12:00:00,26.740246,0,20.880001,4.379589,22,46.666668,12,0,0,0,1,0,0,0,28.0,35.416666666666664,27,0
2023-06-15 13:00:00,27.230246,0,20.519999,5.506941,10,53.939396,13,0,0,0,1,0,0,0,27.0,35.291666666666664,30,0
2023-06-15 14:00:00,27.690245,0,20.519999,6.924738,8,55.151512,14,0,0,0,1,0,0,0,30.0,35.333333333333336,32,0
2023-06-15 15:00:00,27.500246,0,20.880001,7.5942073,17,49.696968,15,0,0,0,1,0,0,0,32.0,35.416666666666664,50,0
2023-06-15 16:00:00,26.880245,0,20.880001,8.311245,19,48.484848,16,0,0,0,1,0,0,0,50.0,35.583333333333336,46,0
2023-06-15 17:00:00,26.430244,0,21.24,8.669949,24,45.454544,17,0,0,0,1,0,0,0,46.0,33.875,69,0
2023-06-15 18:00:00,25.820246,0,20.519999,9.227524,32,40.606064,18,0,0,0,1,0,0,0,69.0,34.75,82,0
2023-06-15 19:00:00,23.910246,0,20.519999,6.792466,35,38.78788,19,0,0,0,1,0,0,0,82.0,35.333333333333336,82,0
2023-06-15 20:00:00,21.170246,0,15.119999,6.297428,49,16.102695,20,0,0,0,1,0,0,0,82.0,34.958333333333336,67,0
2023-06-15 21:00:00,19.390245,0,14.04,6.792466,57,0,21,0,0,0,1,0,0,0,67.0,35.0,63,0
2023-06-15 22:00:00,17.950245,0,13.679999,6.28713,42,0,22,0,0,0,1,0,0,0,63.0,35.583333333333336,22,0
2023-06-15 23:00:00,17.620245,0,13.32,5.315336,33,0,23,0,0,0,1,0,0,0,22.0,34.833333333333336,27,0
2023-06-16 00:00:00,16.250246,0,10.799999,3.8268526,31,0,0,0,0,0,0,1,0,0,27.0,35.166666666666664,5,0
2023-06-16 01:00:00,15.420245,0,10.08,3.096837,39,0,1,0,0,0,0,1,0,0,5.0,35.125,2,0
2023-06-16 02:00:00,14.440246,0,9.72,2.0364676,31,0,2,0,0,0,0,1,0,0,2.0,35.125,1,0
2023-06-16 03:00:00,14.090245,0,9,1.2979984,28,0,3,0,0,0,0,1,0,0,1.0,35.083333333333336,1,0
2023-06-16 04:00:00,13.5602455,0,8.28,0.8049845,17,25.635353,4,0,0,0,0,1,0,0,1.0,35.083333333333336,1,0
2023-06-16 05:00:00,15.540245,0,7.92,0.8049845,14,51.51515,5,0,0,0,0,1,0,0,1.0,35.041666666666664,7,0
2023-06-16 06:00:00,18.240246,0,9.72,1.1384199,6,56.363636,6,0,0,0,0,1,0,0,7.0,34.833333333333336,36,0
2023-06-16 07:00:00,20.750246,0,12.24,2.0364676,17,49.696968,7,0,0,0,0,1,0,0,36.0,34.625,33,0
2023-06-16 08:00:00,22.990246,0,16.199999,2.9024127,20,47.878788,8,0,0,0,0,1,0,0,33.0,34.291666666666664,35,0
2023-06-16 09:00:00,24.800245,0,18,4.5536795,23,46.060608,9,0,0,0,0,1,0,0,35.0,34.0,36,0
2023-06-16 10:00:00,25.960245,0,20.519999,5.771239,25,44.848488,10,0,0,0,0,1,0,0,36.0,33.791666666666664,52,0
2023-06-16 11:00:00,26.840246,0,22.68,6.28713,16,50.303032,11,0,0,0,0,1,0,0,52.0,34.75,28,0
2023-06-16 12:00:00,27.500246,0,24.119999,7.7043357,10,53.939396,12,0,0,0,0,1,0,0,28.0,34.75,35,0
2023-06-16 13:00:00,27.920246,0,24.84,9.178235,14,51.51515,13,0,0,0,0,1,0,0,35.0,35.083333333333336,30,0
2023-06-16 14:00:00,28.240246,0,24.48,9.290511,7,55.757576,14,0,0,0,0,1,0,0,30.0,35.083333333333336,42,0
2023-06-16 15:00:00,28.270245,0,24.119999,8.707237,8,55.151512,15,0,0,0,0,1,0,0,42.0,35.5,56,0
2023-06-16 16:00:00,28.120245,0,23.039999,8.699793,10,53.939396,16,0,0,0,0,1,0,0,56.0,35.75,72,0
2023-06-16 17:00:00,27.540245,0,21.24,9.339208,19,48.484848,17,0,0,0,0,1,0,0,72.0,36.833333333333336,87,0
2023-06-16 18:00:00,26.620245,0,19.44,8.0899935,28,43.0303,18,0,0,0,0,1,0,0,87.0,37.583333333333336,105,0
2023-06-16 19:00:00,24.150246,0,17.64,5.315336,26,44.242424,19,0,0,0,0,1,0,0,105.0,38.541666666666664,127,0
2023-06-16 20:00:00,22.540245,0,13.679999,7.491114,27,23.478788,20,0,0,0,0,1,0,0,127.0,40.416666666666664,81,0
2023-06-16 21:00:00,21.440245,0,14.759999,7.24486,9,0,21,0,0,0,0,1,0,0,81.0,41.0,70,0
2023-06-16 22:00:00,19.620245,0,13.32,3.8939953,32,0,22,0,0,0,0,1,0,0,70.0,41.291666666666664,77,0
2023-06-16 23:00:00,18.320246,0,12.599999,2.4149535,20,0,23,0,0,0,0,1,0,0,77.0,43.583333333333336,35,0
2023-06-17 00:00:00,16.580246,0,11.5199995,3.096837,20,0,0,0,0,0,0,0,1,0,35.0,43.916666666666664,30,0
2023-06-17 01:00:00,14.440246,0,10.440001,2.5959969,18,0,1,0,0,0,0,0,1,0,30.0,44.958333333333336,14,0
2023-06-17 02:00:00,12.820246,0,10.440001,2.9024127,14,0,2,0,0,0,0,0,1,0,14.0,45.458333333333336,8,0
2023-06-17 03:00:00,11.790245,0,10.799999,3.319036,11,0,3,0,0,0,0,0,1,0,8.0,45.75,4,0
2023-06-17 04:00:00,11.840245,0,10.440001,4.072935,12,27.154545,4,0,0,0,0,0,1,0,4.0,45.875,3,0
2023-06-17 05:00:00,14.890245,0,9.72,4.3349743,15,50.909096,5,0,0,0,0,0,1,0,3.0,45.958333333333336,4,0
2023-06-17 06:00:00,17.860245,0,10.799999,2.5959969,16,50.303032,6,0,0,0,0,0,1,0,4.0,45.833333333333336,6,0
2023-06-17 07:00:00,20.700245,0,11.5199995,2.4149535,3,58.18182,7,0,0,0,0,0,1,0,6.0,44.583333333333336,22,0
2023-06-17 08:00:00,23.460245,0,13.32,2.52,1,59.393936,8,0,0,0,0,0,1,0,22.0,44.125,28,0
2023-06-17 09:00:00,25.640245,0,15.119999,2.6208394,11.1,53.272724,9,0,0,0,0,0,1,0,28.0,43.833333333333336,37,0
2023-06-17 10:00:00,27.540245,0,16.919998,2.5959969,23,46.060608,10,0,0,0,0,0,1,0,37.0,43.875,37,0
2023-06-17 11:00:00,28.520245,0,17.64,4.0249224,22,46.666668,11,0,0,0,0,0,1,0,37.0,43.25,42,0
2023-06-17 12:00:00,29.180244,0,17.28,5.2416787,31,41.21212,12,0,0,0,0,0,1,0,42.0,43.833333333333336,48,0
2023-06-17 13:00:00,29.640245,0,16.56,4.896529,20,47.878788,13,0,0,0,0,0,1,0,48.0,44.375,46,0
2023-06-17 14:00:00,29.970245,0,15.4800005,4.6800003,15.3,50.727276,14,0,0,0,0,0,1,0,46.0,45.041666666666664,85,0
2023-06-17 15:00:00,29.980246,0,15.119999,4.39436,11,53.333332,15,0,0,0,0,0,1,0,85.0,46.833333333333336,75,0
2023-06-17 16:00:00,29.860245,0,13.679999,4.8433046,19,48.484848,16,0,0,0,0,0,1,0,75.0,47.625,108,0
2023-06-17 17:00:00,29.430244,0,11.879999,5.3517847,25,44.848488,17,0,0,0,0,0,1,0,108.0,49.125,70,0
2023-06-17 18:00:00,28.740246,0,10.08,4.5536795,21,47.272724,18,0,0,0,0,0,1,0,70.0,48.416666666666664,91,0
2023-06-17 19:00:00,26.900246,0,11.879999,5.937272,20,47.878788,19,0,0,0,0,0,1,0,91.0,47.833333333333336,96,0
2023-06-17 20:00:00,24.020245,0,12.24,5.95906,22,25.433332,20,0,0,0,0,0,1,0,96.0,46.541666666666664,81,0
2023-06-17 21:00:00,20.610245,0,11.5199995,5.00128,6,0,21,0,0,0,0,0,1,0,81.0,46.541666666666664,97,0
2023-06-17 22:00:00,19.680244,0,10.440001,4.8433046,20,0,22,0,0,0,0,0,1,0,97.0,47.666666666666664,89,0
2023-06-17 23:00:00,18.280245,0,10.440001,5.0911684,22,0,23,0,0,0,0,0,1,0,89.0,48.166666666666664,39,0
2023-06-18 00:00:00,17.020245,0,10.799999,3.4152596,19.5,0,0,0,0,0,0,0,0,1,39.0,48.333333333333336,23,0
2023-06-18 01:00:00,15.470245,0,11.5199995,3.319036,29.1,0,1,0,0,0,0,0,0,1,23.0,48.041666666666664,12,0
2023-06-18 02:00:00,15.8102455,0,11.159999,3.6,23.400002,0,2,0,0,0,0,0,0,1,12.0,47.958333333333336,9,0
2023-06-18 03:00:00,15.290245,0,10.440001,3.8939953,12,0,3,0,0,0,0,0,0,1,9.0,48.0,3,0
2023-06-18 04:00:00,15.240245,0,9.72,4.2136917,15.6,26.00283,4,0,0,0,0,0,0,1,3.0,47.958333333333336,3,0
2023-06-18 05:00:00,16.490246,0,11.159999,5.154415,3,58.18182,5,0,0,0,0,0,0,1,3.0,47.958333333333336,3,0
2023-06-18 06:00:00,19.460245,0,13.32,3.6,0,60,6,0,0,0,0,0,0,1,3.0,47.916666666666664,4,0
2023-06-18 07:00:00,22.250246,0,12.959999,3.8939953,3.6000001,57.81818,7,0,0,0,0,0,0,1,4.0,47.833333333333336,20,0
2023-06-18 08:00:00,25.010244,0,15.84,5.3999996,25.500002,44.545456,8,0,0,0,0,0,0,1,20.0,47.75,40,0
2023-06-18 09:00:00,27.090246,0,19.44,6.696387,30.000002,41.81818,9,0,0,0,0,0,0,1,40.0,48.25,23,0
2023-06-18 10:00:00,28.620245,0,20.16,2.7416782,53,27.878788,10,0,0,0,0,0,0,1,23.0,47.666666666666664,35,0
2023-06-18 11:00:00,29.870245,0,19.08,3.219938,44,33.333336,11,0,0,0,0,0,0,1,35.0,47.583333333333336,47,0
2023-06-18 12:00:00,30.840246,0,18.359999,2.8799999,27,43.636364,12,0,0,0,0,0,0,1,47.0,47.791666666666664,57,0
2023-06-18 13:00:00,31.300245,0,18.72,1.484318,34,39.39394,13,0,0,0,0,0,0,1,57.0,48.166666666666664,74,0
2023-06-18 14:00:00,31.270245,0,18.359999,1.2979984,67,19.393942,14,0,0,0,0,0,0,1,74.0,49.333333333333336,83,0
2023-06-18 15:00:00,30.630245,0,18,5.0911684,86,7.878789,15,0,0,0,0,0,0,1,83.0,49.25,89,0
2023-06-18 16:00:00,30.220245,0,24.48,10.464798,91,4.8484864,16,0,0,0,0,0,0,1,89.0,49.833333333333336,95,0
2023-06-18 17:00:00,27.430244,0,38.16,8.707237,82,10.30303,17,0,0,0,0,0,0,1,95.0,49.291666666666664,99,0
2023-06-18 18:00:00,26.500246,0,37.079998,6.12,38,36.969692,18,0,0,0,0,0,0,1,99.0,50.5,96,0
2023-06-18 19:00:00,25.200245,0,14.04,3.2599385,28.2,42.909096,19,0,0,0,0,0,0,1,96.0,50.708333333333336,82,0
2023-06-18 20:00:00,23.000246,0,10.440001,2.0364676,26.400002,24.273335,20,0,0,0,0,0,0,1,82.0,50.125,103,0
2023-06-18 21:00:00,22.150246,0,7.92,1.4399999,22.2,0,21,0,0,0,0,0,0,1,103.0,51.041666666666664,87,0
2023-06-18 22:00:00,22.670246,0,7.5599995,4.6938252,33,0,22,0,0,0,0,0,0,1,87.0,50.625,57,0
2023-06-18 23:00:00,20.370245,0,10.440001,7.5942073,28,0,23,0,0,0,0,0,0,1,57.0,49.291666666666664,41,0
2023-06-19 00:00:00,20.430244,0,12.959999,6.6185193,56,0,0,1,0,0,0,0,0,0,41.0,49.375,3,0
2023-06-19 01:00:00,20.370245,0,14.759999,6.28713,75,0,1,1,0,0,0,0,0,0,3.0,48.541666666666664,1,0
2023-06-19 02:00:00,19.650246,0,16.56,6.12,97,0,2,1,0,0,0,0,0,0,1.0,48.083333333333336,2,0
2023-06-19 03:00:00,19.680244,0,16.56,6.28713,93,0,3,1,0,0,0,0,0,0,2.0,47.791666666666664,1,0
2023-06-19 04:00:00,19.390245,0,15.4800005,5.4477882,95,1.2457906,4,1,0,0,0,0,0,0,1.0,47.708333333333336,2,0
2023-06-19 05:00:00,20.120245,0,14.04,5.3517847,50,29.69697,5,1,0,0,0,0,0,0,2.0,47.666666666666664,8,0
2023-06-19 06:00:00,21.110245,0,14.4,5.2416787,31,41.21212,6,1,0,0,0,0,0,0,8.0,47.875,36,1
2023-06-19 07:00:00,21.960245,0,16.919998,4.6800003,22,46.666668,7,1,0,0,0,0,0,0,36.0,49.208333333333336,32,1
2023-06-19 08:00:00,23.760244,0,16.919998,3.7585104,24.300001,45.272724,8,1,0,0,0,0,0,0,32.0,49.708333333333336,61,1
2023-06-19 09:00:00,25.480246,0,19.08,3.2599385,23.7,45.636364,9,1,0,0,0,0,0,0,61.0,50.583333333333336,45,1
2023-06-19 10:00:00,27.030245,0,23.4,4.0249224,47,31.51515,10,1,0,0,0,0,0,0,45.0,51.5,39,0
2023-06-19 11:00:00,27.660246,0,27,5.815978,83,9.696969,11,1,0,0,0,0,0,0,39.0,51.666666666666664,28,0
2023-06-19 12:00:00,28.120245,0,27.72,5.8048253,77,13.333332,12,1,0,0,0,0,0,0,28.0,50.875,29,0
2023-06-19 13:00:00,29.000246,0,28.08,6.1305785,13.8,51.636364,13,1,0,0,0,0,0,0,29.0,49.708333333333336,35,0
2023-06-19 14:00:00,29.530245,0,28.8,5.3999996,19,48.484848,14,1,0,0,0,0,0,0,35.0,48.083333333333336,51,0
2023-06-19 15:00:00,29.930244,0,25.919998,4.510787,33,39.999996,15,1,0,0,0,0,0,0,51.0,46.75,59,0
2023-06-19 16:00:00,30.490246,0,21.96,2.9024127,24,45.454544,16,1,0,0,0,0,0,0,59.0,45.5,51,0
2023-06-19 17:00:00,30.360245,0,19.08,4.6800003,14,51.51515,17,1,0,0,0,0,0,0,51.0,43.666666666666664,76,0
2023-06-19 18:00:00,28.880245,0,18,3.8939953,26.400002,44,18,1,0,0,0,0,0,0,76.0,42.708333333333336,57,0
2023-06-19 19:00:00,26.380245,0,11.5199995,4.802999,29.1,42.363636,19,1,0,0,0,0,0,0,57.0,41.083333333333336,95,0
2023-06-19 20:00:00,24.780245,0,11.159999,5.1165614,29.400002,23.539797,20,1,0,0,0,0,0,0,95.0,41.625,82,0
2023-06-19 21:00:00,23.020245,0.4,12.959999,5.2416787,80,0,21,1,0,0,0,0,0,0,82.0,40.75,40,0
2023-06-19 22:00:00,21.940245,0.7,19.8,13.746156,28.2,0,22,1,0,0,0,0,0,0,40.0,38.791666666666664,22,0
2023-06-19 23:00:00,20.710245,0.4,19.44,11.966954,54,0,23,1,0,0,0,0,0,0,22.0,37.333333333333336,14,0
2023-06-20 00:00:00,20.020245,0.5,18.359999,11.966954,83,0,0,0,1,0,0,0,0,0,14.0,36.208333333333336,5,0
2023-06-20 01:00:00,19.680244,0.2,16.199999,11.966954,57,0,1,0,1,0,0,0,0,0,5.0,36.291666666666664,3,0
2023-06-20 02:00:00,19.330246,0,23.039999,11.966954,89,0,2,0,1,0,0,0,0,0,3.0,36.375,2,0
2023-06-20 03:00:00,19.440245,0,16.199999,7.5685663,92,0,3,0,1,0,0,0,0,0,2.0,36.375,1,0
2023-06-20 04:00:00,19.090246,0,15.84,8.089993,86,4.033502,4,0,1,0,0,0,0,0,1.0,36.375,2,0
2023-06-20 05:00:00,19.590246,0,17.28,7.729527,85,8.48485,5,0,1,0,0,0,0,0,2.0,36.375,12,0
2023-06-20 06:00:00,20.980246,0,17.64,7.072878,64,21.212122,6,0,1,0,0,0,0,0,12.0,36.541666666666664,29,0
2023-06-20 07:00:00,23.010244,0,19.8,7.5685663,61,23.030302,7,0,1,0,0,0,0,0,29.0,36.25,48,0
2023-06-20 08:00:00,25.210245,0,20.519999,6.489992,27,43.636364,8,0,1,0,0,0,0,0,48.0,36.916666666666664,43,0
2023-06-20 09:00:00,27.190245,0,20.880001,5.815978,27.6,43.272728,9,0,1,0,0,0,0,0,43.0,36.166666666666664,31,0
2023-06-20 10:00:00,28.610245,0,21.24,2.1897945,65,20.60606,10,0,1,0,0,0,0,0,31.0,35.583333333333336,27,0
2023-06-20 11:00:00,29.990246,0,23.759998,3.096837,32,40.606064,11,0,1,0,0,0,0,0,27.0,35.083333333333336,33,0
2023-06-20 12:00:00,31.300245,0,25.56,5.0528407,21.300001,47.090904,12,0,1,0,0,0,0,0,33.0,35.291666666666664,42,0
2023-06-20 13:00:00,31.980246,0,23.759998,5.8048253,16.800001,49.81818,13,0,1,0,0,0,0,0,42.0,35.833333333333336,33,0
2023-06-20 14:00:00,32.320248,0,23.4,7.653705,16.5,50,14,0,1,0,0,0,0,0,33.0,35.75,60,0
2023-06-20 15:00:00,32.000248,0.2,23.039999,8.427383,23.400002,45.81818,15,0,1,0,0,0,0,0,60.0,36.125,36,0
2023-06-20 16:00:00,29.950245,0.2,27.359999,7.42159,28.2,42.909096,16,0,1,0,0,0,0,0,36.0,35.166666666666664,55,0
2023-06-20 17:00:00,25.990246,1.8,29.16,7.127636,38,36.969692,17,0,1,0,0,0,0,0,55.0,35.333333333333336,42,0
2023-06-20 18:00:00,25.100245,2.2,26.64,7.386582,31,41.21212,18,0,1,0,0,0,0,0,42.0,33.916666666666664,35,0
2023-06-20 19:00:00,24.320246,1.7,19.44,5.3517847,30.000002,41.81818,19,0,1,0,0,0,0,0,35.0,33.0,52,0
2023-06-20 20:00:00,23.080246,1.1,15.4800005,6.9153743,32,22.773233,20,0,1,0,0,0,0,0,52.0,31.208333333333332,61,0
2023-06-20 21:00:00,22.000246,0.4,12.599999,4.510787,29.400002,0,21,0,1,0,0,0,0,0,61.0,30.333333333333332,52,0
2023-06-20 22:00:00,21.480246,0,10.08,6.725354,28.2,0,22,0,1,0,0,0,0,0,52.0,30.833333333333332,37,0
2023-06-20 23:00:00,20.560246,0,10.08,4.32,27.6,0,23,0,1,0,0,0,0,0,37.0,31.458333333333332,23,0
2023-06-21 00:00:00,20.230246,0,10.08,0.8049845,32,0,0,0,0,1,0,0,0,0,23.0,31.833333333333332,5,0
2023-06-21 01:00:00,20.120245,0,10.440001,4.32,70,0,1,0,0,1,0,0,0,0,5.0,31.833333333333332,2,0
2023-06-21 02:00:00,20.180244,0,10.799999,2.2768397,90,0,2,0,0,1,0,0,0,0,2.0,31.791666666666668,2,0
2023-06-21 03:00:00,20.340246,0,13.32,0.8049845,79,0,3,0,0,1,0,0,0,0,2.0,31.791666666666668,1,0
2023-06-21 04:00:00,20.270245,0,16.56,2.0364676,41,17.849157,4,0,0,1,0,0,0,0,1.0,31.791666666666668,2,0
2023-06-21 05:00:00,20.560246,0.1,20.880001,3.8939953,45,32.727272,5,0,0,1,0,0,0,0,2.0,31.791666666666668,6,0
2023-06-21 06:00:00,20.810246,0.4,21.96,1.2979984,74,15.151516,6,0,0,1,0,0,0,0,6.0,31.541666666666668,33,0
2023-06-21 07:00:00,20.510244,0.2,11.159999,0,60,23.636362,7,0,0,1,0,0,0,0,33.0,31.708333333333332,29,0
2023-06-21 08:00:00,20.180244,0.3,21.599998,1.9386592,54,27.272726,8,0,0,1,0,0,0,0,29.0,30.916666666666668,34,0
2023-06-21 09:00:00,21.780245,0.4,22.319998,1.9386592,20,47.878788,9,0,0,1,0,0,0,0,34.0,30.541666666666668,27,0
2023-06-21 10:00:00,24.130245,0,19.8,4.1046314,36,38.181816,10,0,0,1,0,0,0,0,27.0,30.375,36,0
2023-06-21 11:00:00,25.910246,0,18.359999,4.3498964,24.300001,45.272724,11,0,0,1,0,0,0,0,36.0,30.75,30,0
2023-06-21 12:00:00,27.450245,0,21.24,4.3498964,59,24.242424,12,0,0,1,0,0,0,0,30.0,30.625,37,0
2023-06-21 13:00:00,27.750246,0,18.359999,1.609969,45,32.727272,13,0,0,1,0,0,0,0,37.0,30.416666666666668,41,0
2023-06-21 14:00:00,27.660246,0,16.56,1.08,79,12.121214,14,0,0,1,0,0,0,0,41.0,30.75,32,0
2023-06-21 15:00:00,27.160246,0,15.4800005,2.5959969,29.1,42.363636,15,0,0,1,0,0,0,0,32.0,29.583333333333332,35,0
2023-06-21 16:00:00,27.220245,0,13.32,3.5455887,23.7,45.636364,16,0,0,1,0,0,0,0,35.0,29.541666666666668,43,0
2023-06-21 17:00:00,27.360245,0,12.599999,3.7585104,29.400002,42.181816,17,0,0,1,0,0,0,0,43.0,29.041666666666668,79,0
2023-06-21 18:00:00,26.580246,0,11.879999,3.6,30.000002,41.81818,18,0,0,1,0,0,0,0,79.0,30.583333333333332,57,0
2023-06-21 19:00:00,25.160246,0,14.04,6.3690495,30.000002,41.81818,19,0,0,1,0,0,0,0,57.0,31.5,89,0
2023-06-21 20:00:00,23.330246,0,15.119999,6.6185193,28.2,24.195961,20,0,0,1,0,0,0,0,89.0,33.041666666666664,92,0
2023-06-21 21:00:00,21.820246,0,12.24,5.7599998,29.1,0,21,0,0,1,0,0,0,0,92.0,34.333333333333336,34,0
2023-06-21 22:00:00,21.400246,0,15.84,7.2359104,29.7,0,22,0,0,1,0,0,0,0,34.0,33.583333333333336,38,0
2023-06-21 23:00:00,20.270245,0,15.4800005,5.8048253,29.400002,0,23,0,0,1,0,0,0,0,38.0,33.625,15,0
2023-06-22 00:00:00,19.900246,0,14.4,2.4149535,28.2,0,0,0,0,0,1,0,0,0,15.0,33.291666666666664,6,0
2023-06-22 01:00:00,19.340246,0,13.679999,1.8,29.7,0,1,0,0,0,1,0,0,0,6.0,33.333333333333336,2,0
2023-06-22 02:00:00,19.120245,0,12.959999,2.9024127,28.2,0,2,0,0,0,1,0,0,0,2.0,33.333333333333336,1,0
2023-06-22 03:00:00,19.690245,0,10.440001,3.319036,24.300001,0,3,0,0,0,1,0,0,0,1.0,33.291666666666664,1,0
2023-06-22 04:00:00,18.450245,0,9.36,3.8939953,15.3,25.532728,4,0,0,0,1,0,0,0,1.0,33.291666666666664,2,0
2023-06-22 05:00:00,19.590246,0,9.36,4.2136917,11.1,53.272724,5,0,0,0,1,0,0,0,2.0,33.291666666666664,13,0
2023-06-22 06:00:00,21.330246,0,11.159999,1.0182338,22,46.666668,6,0,0,0,1,0,0,0,13.0,33.583333333333336,34,0
2023-06-22 07:00:00,22.640245,0,18.359999,6.6087217,43,33.939392,7,0,0,0,1,0,0,0,34.0,33.625,37,0
2023-06-22 08:00:00,24.010244,0,18.359999,3.396233,45,32.727272,8,0,0,0,1,0,0,0,37.0,33.958333333333336,26,0
2023-06-22 09:00:00,25.660246,0,26.28,3.671294,50,29.69697,9,0,0,0,1,0,0,0,26.0,33.625,22,0
2023-06-22 10:00:00,26.460245,0,25.199999,6.2145634,33,39.999996,10,0,0,0,1,0,0,0,22.0,33.416666666666664,37,0
2023-06-22 11:00:00,27.530245,0,26.28,15.815435,88,6.666666,11,0,0,0,1,0,0,0,37.0,33.458333333333336,26,0
2023-06-22 12:00:00,28.520245,1.1,28.08,16.516901,56,26.060608,12,0,0,0,1,0,0,0,26.0,33.291666666666664,22,0
2023-06-22 13:00:00,29.430244,2,29.519999,12.245293,69,18.18182,13,0,0,0,1,0,0,0,22.0,32.666666666666664,21,0
2023-06-22 14:00:00,27.730246,2.9,37.44,11.019764,25.800001,44.363636,14,0,0,0,1,0,0,0,21.0,31.833333333333332,33,0
2023-06-22 15:00:00,23.480246,5.8,50.76,11.808878,35,38.78788,15,0,0,0,1,0,0,0,33.0,31.875,28,0
2023-06-22 16:00:00,24.860245,5,38.519997,18.214718,32,40.606064,16,0,0,0,1,0,0,0,28.0,31.583333333333332,26,0
2023-06-22 17:00:00,23.730246,3,25.919998,18.888851,62,22.424244,17,0,0,0,1,0,0,0,26.0,30.875,36,0
2023-06-22 18:00:00,21.460245,1.4,44.639996,15.646544,89,6.060605,18,0,0,0,1,0,0,0,36.0,29.083333333333332,52,0
2023-06-22 19:00:00,20.090246,1.8,47.519997,15.978484,94,3.0303025,19,0,0,0,1,0,0,0,52.0,28.875,39,0
2023-06-22 20:00:00,18.760244,0.6,47.16,15.141414,68,10.651685,20,0,0,0,1,0,0,0,39.0,26.791666666666668,45,0
2023-06-22 21:00:00,18.380245,0.2,33.839996,14.241629,40,0,21,0,0,0,1,0,0,0,45.0,24.833333333333332,51,0
2023-06-22 22:00:00,18.450245,0.3,34.56,14.654254,99,0,22,0,0,0,1,0,0,0,51.0,25.541666666666668,24,0
2023-06-22 23:00:00,18.310246,0.3,35.28,14.759999,98,0,23,0,0,0,1,0,0,0,24.0,24.958333333333332,16,0
2023-06-23 00:00:00,18.010244,0.5,35.28,13.493999,81,0,0,0,0,0,0,1,0,0,16.0,25.0,4,0
2023-06-23 01:00:00,17.870245,0.3,32.399998,12.287555,55,0,1,0,0,0,0,1,0,0,4.0,24.916666666666668,2,0
2023-06-23 02:00:00,17.990246,0.1,29.16,12.682018,44,0,2,0,0,0,0,1,0,0,2.0,24.916666666666668,1,0
2023-06-23 03:00:00,17.560246,0,24.48,12.224107,51,0,3,0,0,0,0,1,0,0,1.0,24.916666666666668,1,0
2023-06-23 04:00:00,17.510244,0,19.08,12.181625,69,9.075758,4,0,0,0,0,1,0,0,1.0,24.916666666666668,2,0
2023-06-23 05:00:00,17.700245,0,18.72,12.224107,62,22.424244,5,0,0,0,0,1,0,0,2.0,24.916666666666668,9,0
2023-06-23 06:00:00,18.280245,0,23.4,12.6462,37,37.57576,6,0,0,0,0,1,0,0,9.0,24.75,28,0
2023-06-23 07:00:00,19.380245,0,28.8,10.805999,28,43.0303,7,0,0,0,0,1,0,0,28.0,24.5,59,0
2023-06-23 08:00:00,20.530245,0.1,28.8,11.720751,29,42.424244,8,0,0,0,0,1,0,0,59.0,25.416666666666668,46,0
2023-06-23 09:00:00,21.830246,0,29.16,11.631956,28,43.0303,9,0,0,0,0,1,0,0,46.0,26.25,57,0
2023-06-23 10:00:00,23.080246,0,28.08,9.6932955,36,38.181816,10,0,0,0,0,1,0,0,57.0,27.708333333333332,43,0
2023-06-23 11:00:00,24.380245,0,26.64,8.587338,29,42.424244,11,0,0,0,0,1,0,0,43.0,27.958333333333332,22,0
2023-06-23 12:00:00,25.260244,0,26.64,8.913181,42,34.545456,12,0,0,0,0,1,0,0,22.0,27.791666666666668,20,0
2023-06-23 13:00:00,25.610245,0,26.28,8.714677,39,36.36364,13,0,0,0,0,1,0,0,20.0,27.708333333333332,26,0
2023-06-23 14:00:00,25.810246,0,25.919998,10.00256,46,32.121212,14,0,0,0,0,1,0,0,26.0,27.916666666666668,41,0
2023-06-23 15:00:00,25.960245,0,25.199999,10.24578,64,21.212122,15,0,0,0,0,1,0,0,41.0,28.25,38,0
2023-06-23 16:00:00,25.880245,0,24.84,10.538843,70,17.575756,16,0,0,0,0,1,0,0,38.0,28.666666666666668,54,0
2023-06-23 17:00:00,25.430244,0,23.039999,10.495713,92,4.242425,17,0,0,0,0,1,0,0,54.0,29.833333333333332,74,0
2023-06-23 18:00:00,24.540245,0,20.16,9.605998,37,37.57576,18,0,0,0,0,1,0,0,74.0,31.416666666666668,66,0
2023-06-23 19:00:00,22.030245,0,21.599998,7.289444,34,39.39394,19,0,0,0,0,1,0,0,66.0,32.0,113,0
2023-06-23 20:00:00,18.950245,0,16.919998,6.9247384,21,26.945454,20,0,0,0,0,1,0,0,113.0,35.083333333333336,93,0
2023-06-23 21:00:00,18.970245,0,15.119999,8.287822,17,0,21,0,0,0,0,1,0,0,93.0,37.083333333333336,80,0
2023-06-23 22:00:00,18.120245,0,14.04,7.24486,21,0,22,0,0,0,0,1,0,0,80.0,38.291666666666664,102,0
2023-06-23 23:00:00,17.220245,0,10.799999,4.39436,20,0,23,0,0,0,0,1,0,0,102.0,41.541666666666664,36,0
2023-06-24 00:00:00,16.870245,0,9,3.8939953,16,0,0,0,0,0,0,0,1,0,36.0,42.375,29,0
2023-06-24 01:00:00,15.400246,0,9.36,4.2136917,21,0,1,0,0,0,0,0,1,0,29.0,43.416666666666664,9,0
2023-06-24 02:00:00,14.0602455,0,10.799999,3.671294,20,0,2,0,0,0,0,0,1,0,9.0,43.708333333333336,8,0
2023-06-24 03:00:00,13.230246,0,11.5199995,3.6179552,16.2,0,3,0,0,0,0,0,1,0,8.0,44.0,4,0
2023-06-24 04:00:00,13.080245,0,11.879999,4.452954,22.5,22.95,4,0,0,0,0,0,1,0,4.0,44.125,4,0
2023-06-24 05:00:00,15.740245,0,11.5199995,4.0249224,19.800001,47.999996,5,0,0,0,0,0,1,0,4.0,44.208333333333336,3,0
2023-06-24 06:00:00,18.450245,0,13.32,3.396233,16.5,50,6,0,0,0,0,0,1,0,3.0,43.958333333333336,5,0
2023-06-24 07:00:00,20.810246,0,14.759999,4.6938257,12,52.727272,7,0,0,0,0,0,1,0,5.0,43.0,27,0
2023-06-24 08:00:00,23.010244,0,19.8,7.172949,3.9,57.63636,8,0,0,0,0,0,1,0,27.0,41.666666666666664,26,0
2023-06-24 09:00:00,24.750246,0,24.119999,9.504273,2,58.78788,9,0,0,0,0,0,1,0,26.0,40.833333333333336,28,0
2023-06-24 10:00:00,25.870245,0,27,10.495713,27,43.636364,10,0,0,0,0,0,1,0,28.0,39.625,46,0
2023-06-24 11:00:00,26.870245,0,28.44,12.387348,22,46.666668,11,0,0,0,0,0,1,0,46.0,39.75,45,0
2023-06-24 12:00:00,27.720245,0,28.44,12.096214,0,60,12,0,0,0,0,0,1,0,45.0,40.708333333333336,56,0
2023-06-24 13:00:00,28.350245,0,28.44,12.096214,0,60,13,0,0,0,0,0,1,0,56.0,42.208333333333336,49,0
2023-06-24 14:00:00,28.760244,0,28.44,11.885453,0,60,14,0,0,0,0,0,1,0,49.0,43.166666666666664,91,0
2023-06-24 15:00:00,28.920246,0,28.08,11.885453,0,60,15,0,0,0,0,0,1,0,91.0,45.25,67,0
2023-06-24 16:00:00,28.860245,0,27.72,11.885453,0,60,16,0,0,0,0,0,1,0,67.0,46.458333333333336,114,0
2023-06-24 17:00:00,28.470245,0,26.64,11.592894,0,60,17,0,0,0,0,0,1,0,114.0,48.958333333333336,116,0
2023-06-24 18:00:00,27.390245,0,24.119999,8.4963045,0,60,18,0,0,0,0,0,1,0,116.0,50.708333333333336,84,0
2023-06-24 19:00:00,24.660246,0,19.44,7.928177,0,60,19,0,0,0,0,0,1,0,84.0,51.458333333333336,113,0
2023-06-24 20:00:00,22.090246,0,16.199999,7.653705,0,34.35,20,0,0,0,0,0,1,0,113.0,51.458333333333336,101,0
2023-06-24 21:00:00,19.960245,0,16.919998,7.7043357,0,0,21,0,0,0,0,0,1,0,101.0,51.791666666666664,64,0
2023-06-24 22:00:00,18.080246,0,16.56,8.225035,0,0,22,0,0,0,0,0,1,0,64.0,51.125,79,0
2023-06-24 23:00:00,17.180244,0,15.84,7.968939,0,0,23,0,0,0,0,0,1,0,79.0,50.166666666666664,52,0
2023-06-25 00:00:00,16.330246,0,15.119999,6.638072,0,0,0,0,0,0,0,0,0,1,52.0,50.833333333333336,21,0
2023-06-25 01:00:00,15.300245,0,14.759999,5.937272,0,0,1,0,0,0,0,0,0,1,21.0,50.5,17,0
2023-06-25 02:00:00,14.380245,0,14.04,5.506941,0,0,2,0,0,0,0,0,0,1,17.0,50.833333333333336,8,0
2023-06-25 03:00:00,13.580245,0,13.32,4.73506,0,0,3,0,0,0,0,0,0,1,8.0,50.833333333333336,4,0
2023-06-25 04:00:00,13.520246,0,12.959999,3.671294,0,29.366667,4,0,0,0,0,0,0,1,4.0,50.833333333333336,3,0
2023-06-25 05:00:00,16.080246,0,11.879999,3.9763298,0,60,5,0,0,0,0,0,0,1,3.0,50.791666666666664,3,0
2023-06-25 06:00:00,19.020245,0,12.599999,3.2399998,0,60,6,0,0,0,0,0,0,1,3.0,50.791666666666664,5,0
2023-06-25 07:00:00,21.640245,0,12.959999,3.319036,0,60,7,0,0,0,0,0,0,1,5.0,50.791666666666664,22,0
2023-06-25 08:00:00,23.880245,0,15.4800005,4.896529,0,60,8,0,0,0,0,0,0,1,22.0,50.583333333333336,27,0
2023-06-25 09:00:00,25.610245,0,17.28,5.1544156,0,60,9,0,0,0,0,0,0,1,27.0,50.625,43,0
2023-06-25 10:00:00,27.020245,0,17.28,6.151683,0,60,10,0,0,0,0,0,0,1,43.0,51.25,61,0
2023-06-25 11:00:00,28.260244,0,16.919998,4.896529,0,60,11,0,0,0,0,0,0,1,61.0,51.875,34,0
2023-06-25 12:00:00,29.370245,0,16.199999,3.6179552,0,60,12,0,0,0,0,0,0,1,34.0,51.416666666666664,58,0
2023-06-25 13:00:00,30.190245,0,15.119999,2.1897945,0,60,13,0,0,0,0,0,0,1,58.0,51.5,89,0
2023-06-25 14:00:00,30.780245,0,14.759999,1.08,0,60,14,0,0,0,0,0,0,1,89.0,53.166666666666664,96,0
2023-06-25 15:00:00,31.150246,0,14.4,0.35999998,0,60,15,0,0,0,0,0,0,1,96.0,53.375,104,0
2023-06-25 16:00:00,31.290245,0,13.679999,1.835647,0,60,16,0,0,0,0,0,0,1,104.0,54.916666666666664,96,0
2023-06-25 17:00:00,30.970245,0,12.599999,3.2399998,0,60,17,0,0,0,0,0,0,1,96.0,54.166666666666664,116,0
2023-06-25 18:00:00,29.540245,0,11.5199995,3.2599385,0,60,18,0,0,0,0,0,0,1,116.0,54.166666666666664,81,0
2023-06-25 19:00:00,26.740246,0,11.879999,5.0911684,0,60,19,0,0,0,0,0,0,1,81.0,54.041666666666664,100,0
2023-06-25 20:00:00,25.380245,0,11.5199995,4.68,0,34.333332,20,0,0,0,0,0,0,1,100.0,53.5,91,0
2023-06-25 21:00:00,22.960245,0,8.28,3.0547013,0,0,21,0,0,0,0,0,0,1,91.0,53.083333333333336,87,0
2023-06-25 22:00:00,21.040245,0,7.2,2.9024127,0,0,22,0,0,0,0,0,0,1,87.0,54.041666666666664,60,0
2023-06-25 23:00:00,18.920246,0,10.440001,4.510787,0,0,23,0,0,0,0,0,0,1,60.0,53.25,30,0
2023-06-26 00:00:00,18.290245,0,11.159999,5.2416787,0,0,0,1,0,0,0,0,0,0,30.0,52.333333333333336,6,0
2023-06-26 01:00:00,17.590246,0,11.5199995,5.0911684,0,0,1,1,0,0,0,0,0,0,6.0,51.708333333333336,1,0
2023-06-26 02:00:00,17.310246,0,12.24,4.73506,0,0,2,1,0,0,0,0,0,0,1.0,51.041666666666664,2,0
2023-06-26 03:00:00,17.060246,0,12.959999,4.379589,0,0,3,1,0,0,0,0,0,0,2.0,50.791666666666664,1,0
2023-06-26 04:00:00,17.220245,0,13.32,5.0528407,0,28.933332,4,1,0,0,0,0,0,0,1.0,50.666666666666664,1,0
2023-06-26 05:00:00,18.860245,0,15.4800005,6.5693827,0,60,5,1,0,0,0,0,0,0,1.0,50.583333333333336,13,0
2023-06-26 06:00:00,21.900246,0,18.359999,7.42159,0.6,59.636364,6,1,0,0,0,0,0,0,13.0,51.0,42,1
2023-06-26 07:00:00,24.420246,0,23.759998,9.726664,1.5,59.090908,7,1,0,0,0,0,0,0,42.0,52.541666666666664,54,1
2023-06-26 08:00:00,26.140245,0,28.44,11.27553,5,56.9697,8,1,0,0,0,0,0,0,54.0,53.875,51,1
2023-06-26 09:00:00,27.390245,0,33.48,13.797912,12,52.727272,9,1,0,0,0,0,0,0,51.0,54.875,40,1
2023-06-26 10:00:00,28.340246,0,35.64,13.0447235,28,43.0303,10,1,0,0,0,0,0,0,40.0,54.75,34,0
2023-06-26 11:00:00,29.060246,0,35.64,12.287555,20,47.878788,11,1,0,0,0,0,0,0,34.0,53.625,40,0
2023-06-26 12:00:00,29.580246,0,33.839996,11.440979,15,50.909096,12,1,0,0,0,0,0,0,40.0,53.875,55,0
2023-06-26 13:00:00,30.220245,0,34.2,11.177405,17,49.696968,13,1,0,0,0,0,0,0,55.0,53.75,28,0
2023-06-26 14:00:00,30.340246,0,35.64,12.9249525,23,46.060608,14,1,0,0,0,0,0,0,28.0,51.208333333333336,35,0
2023-06-26 15:00:00,30.060246,0,37.44,15.042659,15.900001,50.363636,15,1,0,0,0,0,0,0,35.0,48.666666666666664,43,0
2023-06-26 16:00:00,29.010244,0,37.44,15.990646,21.6,46.909092,16,1,0,0,0,0,0,0,43.0,46.125,57,0
2023-06-26 17:00:00,27.890245,0,37.079998,16.323528,24.300001,45.272724,17,1,0,0,0,0,0,0,57.0,44.5,46,0
2023-06-26 18:00:00,26.280245,0,35.64,15.629971,21.900002,46.727272,18,1,0,0,0,0,0,0,46.0,41.583333333333336,60,0
2023-06-26 19:00:00,24.660246,0,34.56,13.089354,9,54.545452,19,1,0,0,0,0,0,0,60.0,40.708333333333336,92,0
2023-06-26 20:00:00,22.760244,0,27.359999,9.339208,4.2000003,32.84485,20,1,0,0,0,0,0,0,92.0,40.375,77,0
2023-06-26 21:00:00,21.290245,0,20.519999,8.854829,10.200001,0,21,1,0,0,0,0,0,0,77.0,39.791666666666664,57,0
2023-06-26 22:00:00,19.840246,0,18.72,5.6920996,11.400001,0,22,1,0,0,0,0,0,0,57.0,38.541666666666664,26,0
2023-06-26 23:00:00,18.190245,0,15.4800005,5.1919937,9,0,23,1,0,0,0,0,0,0,26.0,37.125,17,0
2023-06-27 00:00:00,17.320246,0,13.679999,6.1305785,21.300001,0,0,0,1,0,0,0,0,0,17.0,36.583333333333336,5,0
2023-06-27 01:00:00,16.440247,0,14.04,5.6233797,26.7,0,1,0,1,0,0,0,0,0,5.0,36.541666666666664,2,0
2023-06-27 02:00:00,15.840245,0,13.679999,5.3517847,13.200001,0,2,0,1,0,0,0,0,0,2.0,36.583333333333336,2,0
2023-06-27 03:00:00,16.190247,0,12.599999,5.04,8.1,0,3,0,1,0,0,0,0,0,2.0,36.583333333333336,1,0
2023-06-27 04:00:00,16.020247,0,10.440001,5.506941,27.900002,20.456211,4,0,1,0,0,0,0,0,1.0,36.583333333333336,2,0
2023-06-27 05:00:00,16.740246,0,9.72,2.9024127,62,22.424244,5,0,1,0,0,0,0,0,2.0,36.625,8,0
2023-06-27 06:00:00,18.160246,0,12.599999,3.0758414,28.500002,42.727272,6,0,1,0,0,0,0,0,8.0,36.416666666666664,27,0
2023-06-27 07:00:00,19.380245,0,15.4800005,4.198285,28.800001,42.545456,7,0,1,0,0,0,0,0,27.0,35.791666666666664,50,0
2023-06-27 08:00:00,20.840246,0,20.16,6.12,28.500002,42.727272,8,0,1,0,0,0,0,0,50.0,35.625,33,0
2023-06-27 09:00:00,22.000246,0,21.24,6.193674,29.7,42,9,0,1,0,0,0,0,0,33.0,34.875,27,0
2023-06-27 10:00:00,23.160246,0,21.599998,5.6233797,28.800001,42.545456,10,0,1,0,0,0,0,0,27.0,34.333333333333336,34,0
2023-06-27 11:00:00,23.710245,0,20.880001,6.3690495,28.800001,42.545456,11,0,1,0,0,0,0,0,34.0,34.333333333333336,33,0
2023-06-27 12:00:00,24.520245,0,22.68,7.7043357,28.800001,42.545456,12,0,1,0,0,0,0,0,33.0,34.041666666666664,33,0
2023-06-27 13:00:00,25.150246,0,23.039999,7.7043357,28.800001,42.545456,13,0,1,0,0,0,0,0,33.0,33.125,35,0
2023-06-27 14:00:00,25.610245,0,25.199999,9.19939,27.6,43.272728,14,0,1,0,0,0,0,0,35.0,33.416666666666664,44,0
2023-06-27 15:00:00,25.590246,0,25.919998,9.339208,24.900002,44.909092,15,0,1,0,0,0,0,0,44.0,33.791666666666664,61,0
2023-06-27 16:00:00,25.740246,0,26.28,8.707237,8.700001,54.727272,16,0,1,0,0,0,0,0,61.0,34.541666666666664,54,0
2023-06-27 17:00:00,25.280245,0,25.199999,8.891344,3,58.18182,17,0,1,0,0,0,0,0,54.0,34.416666666666664,83,0
2023-06-27 18:00:00,24.320246,0,23.4,8.905908,2,58.78788,18,0,1,0,0,0,0,0,83.0,35.958333333333336,81,0
2023-06-27 19:00:00,21.930244,0,19.8,5.0528407,6,56.363636,19,0,1,0,0,0,0,0,81.0,36.833333333333336,101,0
2023-06-27 20:00:00,19.360245,0,13.679999,7.5599995,8,31.512962,20,0,1,0,0,0,0,0,101.0,37.208333333333336,111,0
2023-06-27 21:00:00,17.800245,0,14.04,6.849467,23,0,21,0,1,0,0,0,0,0,111.0,38.625,36,0
2023-06-27 22:00:00,16.950245,0,14.04,6.162207,20,0,22,0,1,0,0,0,0,0,36.0,37.75,29,0
2023-06-27 23:00:00,15.630245,0,13.679999,6.830519,32,0,23,0,1,0,0,0,0,0,29.0,37.875,23,0
2023-06-28 00:00:00,15.130245,0,13.679999,6.9247384,32,0,0,0,0,1,0,0,0,0,23.0,38.125,6,0
2023-06-28 01:00:00,14.730246,0,13.679999,4.6938257,26,0,1,0,0,1,0,0,0,0,6.0,38.166666666666664,2,0
2023-06-28 02:00:00,14.680245,0,13.679999,3.6,16,0,2,0,0,1,0,0,0,0,2.0,38.166666666666664,2,0
2023-06-28 03:00:00,15.530245,0,12.959999,3.319036,13,0,3,0,0,1,0,0,0,0,2.0,38.166666666666664,1,0
2023-06-28 04:00:00,15.360246,0,10.799999,2.968636,73,7.3666677,4,0,0,1,0,0,0,0,1.0,38.166666666666664,2,0
2023-06-28 05:00:00,15.700245,0,9,3.0547013,89,6.060605,5,0,0,1,0,0,0,0,2.0,38.166666666666664,10,0
2023-06-28 06:00:00,17.060246,0,12.959999,3.7585104,98,0.6060612,6,0,0,1,0,0,0,0,10.0,38.25,19,0
2023-06-28 07:00:00,18.230246,0,14.4,5.506941,86,7.878789,7,0,0,1,0,0,0,0,19.0,37.916666666666664,43,0
2023-06-28 08:00:00,20.040245,0,16.199999,4.8965297,89,6.060605,8,0,0,1,0,0,0,0,43.0,37.625,22,0
2023-06-28 09:00:00,21.680244,0,16.199999,2.9024127,16,50.303032,9,0,0,1,0,0,0,0,22.0,37.166666666666664,41,0
2023-06-28 10:00:00,23.180244,0,17.28,3.2399998,15,50.909096,10,0,0,1,0,0,0,0,41.0,37.75,32,0
2023-06-28 11:00:00,24.640245,0,18.72,4.68,23,46.060608,11,0,0,1,0,0,0,0,32.0,37.666666666666664,30,0
2023-06-28 12:00:00,25.690245,0,20.16,6.849467,53,27.878788,12,0,0,1,0,0,0,0,30.0,37.541666666666664,20,0
2023-06-28 13:00:00,26.140245,0,21.24,6.87779,24,45.454544,13,0,0,1,0,0,0,0,20.0,37.0,31,0
2023-06-28 14:00:00,26.860245,0,21.96,7.6367526,47,31.51515,14,0,0,1,0,0,0,0,31.0,36.833333333333336,38,0
2023-06-28 15:00:00,27.560246,0,23.039999,7.5942073,60,23.636362,15,0,0,1,0,0,0,0,38.0,36.583333333333336,44,0
2023-06-28 16:00:00,27.240246,0,23.759998,8.287822,63,21.818182,16,0,0,1,0,0,0,0,44.0,35.875,53,0
2023-06-28 17:00:00,26.980246,0,23.759998,8.905908,66,19.999998,17,0,0,1,0,0,0,0,53.0,35.833333333333336,80,0
2023-06-28 18:00:00,25.870245,0,24.48,8.699793,56,26.060608,18,0,0,1,0,0,0,0,80.0,35.708333333333336,74,0
2023-06-28 19:00:00,23.990246,0,19.44,7.289445,18,49.090908,19,0,0,1,0,0,0,0,74.0,35.416666666666664,90,0
2023-06-28 20:00:00,21.980246,0,17.64,7.289445,10,30.790405,20,0,0,1,0,0,0,0,90.0,34.958333333333336,67,0
2023-06-28 21:00:00,19.870245,0,16.919998,6.193674,8,0,21,0,0,1,0,0,0,0,67.0,33.125,49,0
2023-06-28 22:00:00,18.070246,0,14.4,5.8048253,3,0,22,0,0,1,0,0,0,0,49.0,33.666666666666664,31,0
2023-06-28 23:00:00,16.840246,0,13.32,6.1305785,8,0,23,0,0,1,0,0,0,0,31.0,33.75,10,0
2023-06-29 00:00:00,16.280245,0,12.599999,6.1305785,15,0,0,0,0,0,1,0,0,0,10.0,33.208333333333336,5,0
2023-06-29 01:00:00,16.110247,0,11.5199995,4.072935,15,0,1,0,0,0,1,0,0,0,5.0,33.166666666666664,2,0
2023-06-29 02:00:00,16.050245,0,10.440001,3.396233,4,0,2,0,0,0,1,0,0,0,2.0,33.166666666666664,2,0
2023-06-29 03:00:00,15.350245,0,9.36,3.8939953,0.3,0,3,0,0,0,1,0,0,0,2.0,33.166666666666664,1,0
2023-06-29 04:00:00,14.860246,0,9.72,4.1046314,0.90000004,27.365606,4,0,0,0,1,0,0,0,1.0,33.166666666666664,3,0
2023-06-29 05:00:00,16.770245,0,9.36,2.52,0,60,5,0,0,0,1,0,0,0,3.0,33.208333333333336,15,0
2023-06-29 06:00:00,18.820246,0,9.72,1.835647,1.5,59.090908,6,0,0,0,1,0,0,0,15.0,33.416666666666664,32,0
2023-06-29 07:00:00,21.020245,0,10.799999,1.609969,7,55.757576,7,0,0,0,1,0,0,0,32.0,33.958333333333336,48,0
2023-06-29 08:00:00,23.300245,0,14.04,1.4399999,11.1,53.272724,8,0,0,0,1,0,0,0,48.0,34.166666666666664,58,0
2023-06-29 09:00:00,25.270245,0,15.4800005,1.8,16.800001,49.81818,9,0,0,0,1,0,0,0,58.0,35.666666666666664,32,0
2023-06-29 10:00:00,26.390245,0,17.64,2.0991426,37,37.57576,10,0,0,0,1,0,0,0,32.0,35.291666666666664,42,0
2023-06-29 11:00:00,27.490246,0,18.359999,5.0911684,63,21.818182,11,0,0,0,1,0,0,0,42.0,35.708333333333336,32,0
2023-06-29 12:00:00,27.910246,0.1,19.08,6.12,52,28.48485,12,0,0,0,1,0,0,0,32.0,35.791666666666664,30,0
2023-06-29 13:00:00,27.860245,0.3,18.359999,5.634891,28,43.0303,13,0,0,0,1,0,0,0,30.0,36.208333333333336,43,0
2023-06-29 14:00:00,27.910246,0,18,5.815978,35,38.78788,14,0,0,0,1,0,0,0,43.0,36.708333333333336,34,0
2023-06-29 15:00:00,28.120245,0,16.199999,5.6920996,45,32.727272,15,0,0,0,1,0,0,0,34.0,36.541666666666664,53,0
2023-06-29 16:00:00,28.130245,0,12.599999,6.28713,45,32.727272,16,0,0,0,1,0,0,0,53.0,36.916666666666664,55,0
2023-06-29 17:00:00,28.070246,0,10.440001,8.089993,54,27.272726,17,0,0,0,1,0,0,0,55.0,37.0,58,0
2023-06-29 18:00:00,26.960245,0.2,9.36,5.937272,40,35.757576,18,0,0,0,1,0,0,0,58.0,36.083333333333336,58,0
2023-06-29 19:00:00,25.350245,0,13.32,3.9763298,28,43.0303,19,0,0,0,1,0,0,0,58.0,35.416666666666664,74,0
2023-06-29 20:00:00,23.480246,0,9,1.9386592,30,23.84798,20,0,0,0,1,0,0,0,74.0,34.75,61,0
2023-06-29 21:00:00,22.040245,0,6.12,0.8049845,30,0,21,0,0,0,1,0,0,0,61.0,34.5,43,0
2023-06-29 22:00:00,22.080246,0,6.8399997,2.8116899,42,0,22,0,0,0,1,0,0,0,43.0,34.25,29,0
2023-06-29 23:00:00,20.700245,0.3,7.5599995,3.2599385,37,0,23,0,0,0,1,0,0,0,29.0,34.166666666666664,14,0
2023-06-30 00:00:00,19.950245,0.4,8.28,4.198285,30.000002,0,0,0,0,0,0,1,0,0,14.0,34.333333333333336,4,0
2023-06-30 01:00:00,19.520245,0.5,10.08,1.2979984,46,0,1,0,0,0,0,1,0,0,4.0,34.291666666666664,2,0
2023-06-30 02:00:00,19.250246,0.5,11.159999,3.7064266,49,0,2,0,0,0,0,1,0,0,2.0,34.291666666666664,2,0
2023-06-30 03:00:00,19.410246,0.6,11.159999,5.1919937,38,0,3,0,0,0,0,1,0,0,2.0,34.291666666666664,1,0
2023-06-30 04:00:00,19.550245,0.8,9.72,5.315336,84,4.10606,4,0,0,0,0,1,0,0,1.0,34.291666666666664,1,0
2023-06-30 05:00:00,19.080246,0.9,9,6.9247384,72,16.363636,5,0,0,0,0,1,0,0,1.0,34.208333333333336,7,0
2023-06-30 06:00:00,18.970245,1.6,15.84,5.815978,88,6.666666,6,0,0,0,0,1,0,0,7.0,33.875,22,0
2023-06-30 07:00:00,19.000246,2.2,14.04,3.9763298,100,0,7,0,0,0,0,1,0,0,22.0,33.458333333333336,31,0
2023-06-30 08:00:00,19.450245,2.2,11.5199995,3.6179552,81,10.909091,8,0,0,0,0,1,0,0,31.0,32.75,25,0
2023-06-30 09:00:00,20.200245,1.7,14.759999,6.130579,76,13.939394,9,0,0,0,0,1,0,0,25.0,31.375,20,0
2023-06-30 10:00:00,20.010244,1.5,18.359999,4.3349743,75,14.545455,10,0,0,0,0,1,0,0,20.0,30.875,32,0
2023-06-30 11:00:00,20.890245,1.2,24.48,7.2805495,84,9.090908,11,0,0,0,0,1,0,0,32.0,30.458333333333332,24,0
2023-06-30 12:00:00,20.430244,0.4,27.72,8.647496,90,5.454544,12,0,0,0,0,1,0,0,24.0,30.125,28,0
2023-06-30 13:00:00,20.150246,0.3,32.399998,11.542478,92,4.242425,13,0,0,0,0,1,0,0,28.0,30.041666666666668,36,0
2023-06-30 14:00:00,20.670246,0.1,33.48,13.138765,80,11.515152,14,0,0,0,0,1,0,0,36.0,29.75,41,0
2023-06-30 15:00:00,20.810246,0,33.839996,10.30883,61,23.030302,15,0,0,0,0,1,0,0,41.0,30.041666666666668,60,0
2023-06-30 16:00:00,20.500246,0,30.599998,9.028754,67,19.393942,16,0,0,0,0,1,0,0,60.0,30.333333333333332,49,0
2023-06-30 17:00:00,19.870245,0.4,26.64,8.287822,74,15.151516,17,0,0,0,0,1,0,0,49.0,30.083333333333332,85,0
2023-06-30 18:00:00,19.170246,0.7,26.28,7.9932976,92,4.242425,18,0,0,0,0,1,0,0,85.0,31.208333333333332,96,0
2023-06-30 19:00:00,18.570246,0.2,20.16,7.42159,86,7.878789,19,0,0,0,0,1,0,0,96.0,32.791666666666664,73,0
2023-06-30 20:00:00,18.000246,0.1,19.44,6.618519,98,0.343098,20,0,0,0,0,1,0,0,73.0,32.75,98,0
2023-06-30 21:00:00,17.980246,0,16.56,7.24486,92,0,21,0,0,0,0,1,0,0,98.0,34.291666666666664,80,0
2023-06-30 22:00:00,17.410246,0,15.4800005,7.0911775,80,0,22,0,0,0,0,1,0,0,80.0,35.833333333333336,70,0
2023-06-30 23:00:00,17.020245,0,15.4800005,6.297428,66,0,23,0,0,0,0,1,0,0,70.0,37.541666666666664,34,0
2023-07-01 00:00:00,16.900246,0,15.119999,6.297428,68,0,0,0,0,0,0,0,1,0,34.0,38.375,35,0
2023-07-01 01:00:00,16.730246,0,14.759999,6.297428,70,0,1,0,0,0,0,0,1,0,35.0,39.666666666666664,20,0
2023-07-01 02:00:00,16.460245,0,14.759999,6.297428,73,0,2,0,0,0,0,0,1,0,20.0,40.416666666666664,9,0
2023-07-01 03:00:00,16.160246,0,14.4,6.297428,66,0,3,0,0,0,0,0,1,0,9.0,40.708333333333336,3,0
2023-07-01 04:00:00,15.830245,0,14.04,5.315336,68,8.287542,4,0,0,0,0,0,1,0,3.0,40.791666666666664,3,0
2023-07-01 05:00:00,16.360247,0,14.759999,6.297428,45,32.727272,5,0,0,0,0,0,1,0,3.0,40.875,3,0
2023-07-01 06:00:00,17.850245,0,20.16,8.942214,33,39.999996,6,0,0,0,0,0,1,0,3.0,40.708333333333336,7,0
2023-07-01 07:00:00,19.170246,0,27.72,11.720751,16.2,50.181816,7,0,0,0,0,0,1,0,7.0,40.083333333333336,18,0
2023-07-01 08:00:00,20.450245,0,32.039997,13.276144,23.1,46,8,0,0,0,0,0,1,0,18.0,39.541666666666664,20,0
2023-07-01 09:00:00,21.300245,0,36.36,14.021525,24,45.454544,9,0,0,0,0,0,1,0,20.0,39.333333333333336,32,0
2023-07-01 10:00:00,22.170246,0,39.6,15.03835,60,23.636362,10,0,0,0,0,0,1,0,32.0,39.833333333333336,43,0
2023-07-01 11:00:00,22.630245,0,41.039997,16.199999,89,6.060605,11,0,0,0,0,0,1,0,43.0,40.291666666666664,36,0
2023-07-01 12:00:00,23.120245,0,43.56,14.48972,71,16.969696,12,0,0,0,0,0,1,0,36.0,40.791666666666664,37,0
2023-07-01 13:00:00,22.150246,0,44.28,14.48972,56,26.060608,13,0,0,0,0,0,1,0,37.0,41.166666666666664,56,0
2023-07-01 14:00:00,21.600245,0.1,43.56,17.595861,70,17.575756,14,0,0,0,0,0,1,0,56.0,42.0,80,0
2023-07-01 15:00:00,21.010244,0,43.199997,15.7908325,95,2.4242413,15,0,0,0,0,0,1,0,80.0,43.625,124,0
2023-07-01 16:00:00,20.770245,0,41.039997,13.5515,99,0,16,0,0,0,0,0,1,0,124.0,46.291666666666664,70,0
2023-07-01 17:00:00,20.100245,0.1,36.36,9.565437,95,2.4242413,17,0,0,0,0,0,1,0,70.0,47.166666666666664,77,0
2023-07-01 18:00:00,19.810246,0.2,31.319998,7.491114,76,13.939394,18,0,0,0,0,0,1,0,77.0,46.833333333333336,78,0
2023-07-01 19:00:00,19.310246,0.2,24.119999,9.290511,51,29.09091,19,0,0,0,0,0,1,0,78.0,46.083333333333336,79,0
2023-07-01 20:00:00,18.870245,0,23.039999,9.220499,44,18.731482,20,0,0,0,0,0,1,0,79.0,46.333333333333336,65,0
2023-07-01 21:00:00,18.790245,0,23.039999,10.086427,52,0,21,0,0,0,0,0,1,0,65.0,44.958333333333336,98,0
2023-07-01 22:00:00,18.230246,0.1,23.759998,6.1094027,100,0,22,0,0,0,0,0,1,0,98.0,45.708333333333336,80,0
2023-07-01 23:00:00,18.430244,0.2,23.039999,8.209263,100,0,23,0,0,0,0,0,1,0,80.0,46.125,48,0
2023-07-02 00:00:00,18.290245,0.2,21.24,10.144082,98,0,0,0,0,0,0,0,0,1,48.0,46.708333333333336,23,0
2023-07-02 01:00:00,18.050245,0.2,20.519999,10.464797,97,0,1,0,0,0,0,0,0,1,23.0,46.208333333333336,19,0
2023-07-02 02:00:00,17.930244,0,22.319998,10.30883,99,0,2,0,0,0,0,0,0,1,19.0,46.166666666666664,9,0
2023-07-02 03:00:00,17.700245,0,23.039999,9.659814,91,0,3,0,0,0,0,0,0,1,9.0,46.166666666666664,3,0
2023-07-02 04:00:00,17.480246,0,22.68,8.534353,87,3.1313133,4,0,0,0,0,0,0,1,3.0,46.166666666666664,2,0
2023-07-02 05:00:00,17.520245,0,21.96,8.534353,77,13.333332,5,0,0,0,0,0,0,1,2.0,46.125,3,0
2023-07-02 06:00:00,17.950245,0,23.039999,8.699793,58,24.848484,6,0,0,0,0,0,0,1,3.0,46.125,5,0
2023-07-02 07:00:00,18.770245,0,25.919998,10.829959,51,29.09091,7,0,0,0,0,0,0,1,5.0,46.041666666666664,25,0
2023-07-02 08:00:00,19.680244,0,28.44,13.009903,63,21.818182,8,0,0,0,0,0,0,1,25.0,46.333333333333336,26,0
2023-07-02 09:00:00,20.650246,0,33.839996,14.934577,84,9.090908,9,0,0,0,0,0,0,1,26.0,46.583333333333336,31,0
2023-07-02 10:00:00,21.210245,0,34.92,12.783802,100,0,10,0,0,0,0,0,0,1,31.0,46.541666666666664,36,0
2023-07-02 11:00:00,22.020245,0,36,12.979984,98,0.6060612,11,0,0,0,0,0,0,1,36.0,46.25,42,0
2023-07-02 12:00:00,23.260244,0,38.16,13.441071,97,1.2121224,12,0,0,0,0,0,0,1,42.0,46.5,54,0
2023-07-02 13:00:00,24.010244,0,40.68,15.39184,82,10.30303,13,0,0,0,0,0,0,1,54.0,47.208333333333336,54,0
2023-07-02 14:00:00,24.250246,0,40.32,15.226764,57,25.454548,14,0,0,0,0,0,0,1,54.0,47.125,72,0
2023-07-02 15:00:00,24.470245,0,38.16,14.869351,52,28.48485,15,0,0,0,0,0,0,1,72.0,46.791666666666664,70,0
2023-07-02 16:00:00,24.670246,0,36,14.081478,17,49.696968,16,0,0,0,0,0,0,1,70.0,44.541666666666664,82,0
2023-07-02 17:00:00,24.390245,0,33.12,12.979984,10,53.939396,17,0,0,0,0,0,0,1,82.0,45.041666666666664,98,0
2023-07-02 18:00:00,23.710245,0,29.519999,10.495713,8,55.151512,18,0,0,0,0,0,0,1,98.0,45.916666666666664,98,0
2023-07-02 19:00:00,21.830246,0,23.4,6.28713,8,55.151512,19,0,0,0,0,0,0,1,98.0,46.75,94,0
2023-07-02 20:00:00,19.560246,0,16.199999,6.792466,5,31.77643,20,0,0,0,0,0,0,1,94.0,47.375,91,0
2023-07-02 21:00:00,17.600245,0,14.759999,7.7043357,12,0,21,0,0,0,0,0,0,1,91.0,48.458333333333336,66,0
2023-07-02 22:00:00,16.970245,0,14.04,6.297428,39,0,22,0,0,0,0,0,0,1,66.0,47.125,77,0
2023-07-02 23:00:00,16.870245,0,13.679999,7.2,69,0,23,0,0,0,0,0,0,1,77.0,47.0,48,0
2023-07-03 00:00:00,16.980246,0,13.32,4.8965297,70,0,0,1,0,0,0,0,0,0,48.0,47.0,5,0
2023-07-03 01:00:00,16.780245,0,13.32,4.8433046,69,0,1,1,0,0,0,0,0,0,5.0,46.25,3,0
2023-07-03 02:00:00,16.640245,0,13.32,4.510787,69,0,2,1,0,0,0,0,0,0,3.0,45.583333333333336,2,0
2023-07-03 03:00:00,16.830246,0,13.32,5.0142193,65,0,3,1,0,0,0,0,0,0,2.0,45.291666666666664,1,0
2023-07-03 04:00:00,17.070246,0,13.679999,5.634891,76,5.858417,4,1,0,0,0,0,0,0,1.0,45.208333333333336,3,0
2023-07-03 05:00:00,17.810246,0,15.119999,6.4096174,88,6.666666,5,1,0,0,0,0,0,0,3.0,45.25,11,0
2023-07-03 06:00:00,18.670246,0,18.359999,7.491114,89,6.060605,6,1,0,0,0,0,0,0,11.0,45.583333333333336,34,1
2023-07-03 07:00:00,19.840246,0,21.96,8.825508,89,6.060605,7,1,0,0,0,0,0,0,34.0,46.791666666666664,36,1
2023-07-03 08:00:00,21.080246,0,24.84,9.3876505,70,17.575756,8,1,0,0,0,0,0,0,36.0,47.25,51,1
2023-07-03 09:00:00,22.010244,0,31.319998,13.556282,95,2.4242413,9,1,0,0,0,0,0,0,51.0,48.291666666666664,32,1
2023-07-03 10:00:00,22.650246,0,34.92,12.287555,91,4.8484864,10,1,0,0,0,0,0,0,32.0,48.333333333333336,26,0
2023-07-03 11:00:00,22.900246,0,35.64,12.015589,99,0,11,1,0,0,0,0,0,0,26.0,47.916666666666664,30,0
2023-07-03 12:00:00,23.200245,0,36.36,11.570515,94,3.0303025,12,1,0,0,0,0,0,0,30.0,47.416666666666664,22,0
2023-07-03 13:00:00,23.730246,0,37.079998,11.165805,76,13.939394,13,1,0,0,0,0,0,0,22.0,46.083333333333336,20,0
2023-07-03 14:00:00,24.160246,0,36.719997,11.570515,50,29.69697,14,1,0,0,0,0,0,0,20.0,44.666666666666664,47,0
2023-07-03 15:00:00,24.360245,0,36.719997,12.015589,58,24.848484,15,1,0,0,0,0,0,0,47.0,43.625,48,0
2023-07-03 16:00:00,24.270245,0,36,12.144331,77,13.333332,16,1,0,0,0,0,0,0,48.0,42.708333333333336,40,0
2023-07-03 17:00:00,24.020245,0,33.48,11.013882,90,5.454544,17,1,0,0,0,0,0,0,40.0,40.958333333333336,81,0
2023-07-03 18:00:00,22.980246,0,29.519999,10.041354,78,12.727271,18,1,0,0,0,0,0,0,81.0,40.25,58,0
2023-07-03 19:00:00,21.790245,0,24.84,10.041354,74,15.151516,19,1,0,0,0,0,0,0,58.0,38.583333333333336,52,0
2023-07-03 20:00:00,19.840246,0,24.48,9.346143,55,14.762961,20,1,0,0,0,0,0,0,52.0,36.833333333333336,71,0
2023-07-03 21:00:00,18.930244,0,21.96,9.346143,59,0,21,1,0,0,0,0,0,0,71.0,36.0,60,0
2023-07-03 22:00:00,18.930244,0,19.44,6.193674,75,0,22,1,0,0,0,0,0,0,60.0,35.75,30,0
2023-07-03 23:00:00,18.540245,0,20.16,4.829907,78,0,23,1,0,0,0,0,0,0,30.0,33.791666666666664,18,0
2023-07-04 00:00:00,18.630245,0.2,18.359999,4.5536795,66,0,0,0,1,0,0,0,0,0,18.0,32.541666666666664,4,0
2023-07-04 01:00:00,18.140245,0,16.56,4.896529,35,0,1,0,1,0,0,0,0,0,4.0,32.5,2,0
2023-07-04 02:00:00,17.770245,0.1,14.04,6.0347,29,0,2,0,1,0,0,0,0,0,2.0,32.458333333333336,1,0
2023-07-04 03:00:00,17.730246,0,13.679999,5.0911684,30,0,3,0,1,0,0,0,0,0,1.0,32.416666666666664,1,0
2023-07-04 04:00:00,16.920246,0,12.959999,4.0249224,41,14.412122,4,0,1,0,0,0,0,0,1.0,32.416666666666664,2,0
2023-07-04 05:00:00,17.670246,0,12.24,5.0911684,35,38.78788,5,0,1,0,0,0,0,0,2.0,32.375,12,0
2023-07-04 06:00:00,18.760244,0,14.759999,5.0528407,34,39.39394,6,0,1,0,0,0,0,0,12.0,32.416666666666664,34,0
2023-07-04 07:00:00,20.140245,0,19.08,5.0142193,33,39.999996,7,0,1,0,0,0,0,0,34.0,32.416666666666664,65,0
2023-07-04 08:00:00,21.370245,0,19.44,4.39436,37,37.57576,8,0,1,0,0,0,0,0,65.0,33.625,46,0
2023-07-04 09:00:00,22.510244,0,26.28,4.8965297,27,43.636364,9,0,1,0,0,0,0,0,46.0,33.416666666666664,43,0
2023-07-04 10:00:00,23.140245,0,27.72,3.219938,28,43.0303,10,0,1,0,0,0,0,0,43.0,33.875,44,0
2023-07-04 11:00:00,24.260244,0,29.16,4.2136917,55,26.666664,11,0,1,0,0,0,0,0,44.0,34.625,42,0
2023-07-04 12:00:00,24.940245,0,29.519999,2.9024127,77,13.333332,12,0,1,0,0,0,0,0,42.0,35.125,41,0
2023-07-04 13:00:00,25.300245,0,23.4,3.5455887,46,32.121212,13,0,1,0,0,0,0,0,41.0,35.916666666666664,27,0
2023-07-04 14:00:00,25.590246,0,24.119999,6.297428,37,37.57576,14,0,1,0,0,0,0,0,27.0,36.208333333333336,50,0
2023-07-04 15:00:00,25.870245,0,22.319998,7.127636,29,42.424244,15,0,1,0,0,0,0,0,50.0,36.333333333333336,51,0
2023-07-04 16:00:00,25.720245,0,21.24,6.193674,16,50.303032,16,0,1,0,0,0,0,0,51.0,36.458333333333336,86,0
2023-07-04 17:00:00,26.030245,0,19.44,6.28713,17,49.696968,17,0,1,0,0,0,0,0,86.0,38.375,73,0
2023-07-04 18:00:00,25.460245,0,16.199999,4.6938252,27,43.636364,18,0,1,0,0,0,0,0,73.0,38.041666666666664,69,0
2023-07-04 19:00:00,23.700245,0,11.5199995,4.5536795,22,46.666668,19,0,1,0,0,0,0,0,69.0,38.5,78,0
2023-07-04 20:00:00,21.150246,0,12.599999,6.489992,27,23.963636,20,0,1,0,0,0,0,0,78.0,39.583333333333336,82,0
2023-07-04 21:00:00,20.030245,0,15.4800005,7.072878,27,0,21,0,1,0,0,0,0,0,82.0,40.041666666666664,56,0
2023-07-04 22:00:00,19.230246,0,16.919998,6.924738,40,0,22,0,1,0,0,0,0,0,56.0,39.875,28,0
2023-07-04 23:00:00,18.640245,0,17.28,4.6938252,58,0,23,0,1,0,0,0,0,0,28.0,39.791666666666664,16,0
2023-07-05 00:00:00,18.360245,0,18,5.04,61,0,0,0,0,1,0,0,0,0,16.0,39.708333333333336,5,0
2023-07-05 01:00:00,17.880245,0,19.44,5.2416787,68,0,1,0,0,1,0,0,0,0,5.0,39.75,2,0
2023-07-05 02:00:00,18.650246,0,24.48,5.3517847,79,0,2,0,0,1,0,0,0,0,2.0,39.75,1,0
2023-07-05 03:00:00,18.540245,0,25.919998,6.130579,72,0,3,0,0,1,0,0,0,0,1.0,39.75,1,0
2023-07-05 04:00:00,18.590246,0,28.44,7.92,77,5.311111,4,0,0,1,0,0,0,0,1.0,39.75,2,0
2023-07-05 05:00:00,18.830246,0,34.92,10.787993,89,6.060605,5,0,0,1,0,0,0,0,2.0,39.75,12,0
2023-07-05 06:00:00,18.420246,0.8,43.199997,11.457958,66,19.999998,6,0,0,1,0,0,0,0,12.0,39.75,29,0
2023-07-05 07:00:00,18.480246,1.9,39.239998,15.484185,43,33.939392,7,0,0,1,0,0,0,0,29.0,39.541666666666664,25,0
2023-07-05 08:00:00,18.500246,1.2,39.6,14.154915,36,38.181816,8,0,0,1,0,0,0,0,25.0,37.875,41,0
2023-07-05 09:00:00,19.240246,0,34.56,13.339445,25,44.848488,9,0,0,1,0,0,0,0,41.0,37.666666666666664,28,0
2023-07-05 10:00:00,19.810246,0,33.839996,10.105681,55,26.666664,10,0,0,1,0,0,0,0,28.0,37.041666666666664,44,0
2023-07-05 11:00:00,20.860245,0,37.44,11.966953,46,32.121212,11,0,0,1,0,0,0,0,44.0,37.041666666666664,39,0
2023-07-05 12:00:00,21.760244,0,37.079998,12.074766,91,4.8484864,12,0,0,1,0,0,0,0,39.0,36.916666666666664,27,0
2023-07-05 13:00:00,22.460245,0,36.36,13.1041975,78,12.727271,13,0,0,1,0,0,0,0,27.0,36.333333333333336,37,0
2023-07-05 14:00:00,23.350245,0,35.64,15.629972,74,15.151516,14,0,0,1,0,0,0,0,37.0,36.75,47,0
2023-07-05 15:00:00,23.340246,0,35.64,14.081478,61,23.030302,15,0,0,1,0,0,0,0,47.0,36.625,55,0
2023-07-05 16:00:00,23.410246,0,33.839996,12.287555,41,35.151512,16,0,0,1,0,0,0,0,55.0,36.791666666666664,44,0
2023-07-05 17:00:00,23.180244,0,30.960001,9.779817,28,43.0303,17,0,0,1,0,0,0,0,44.0,35.041666666666664,76,0
2023-07-05 18:00:00,22.580246,0,27.359999,6.28713,14,51.51515,18,0,0,1,0,0,0,0,76.0,35.166666666666664,68,0
2023-07-05 19:00:00,20.230246,0,14.4,4.3498964,15,50.909096,19,0,0,1,0,0,0,0,68.0,35.125,74,0
2023-07-05 20:00:00,20.300245,0,9.36,1.4399999,21,25.592928,20,0,0,1,0,0,0,0,74.0,34.958333333333336,63,0
2023-07-05 21:00:00,18.860245,0,6.4799995,0.8049845,33,0,21,0,0,1,0,0,0,0,63.0,34.166666666666664,57,0
2023-07-05 22:00:00,17.920246,0,6.8399997,1.0182338,53,0,22,0,0,1,0,0,0,0,57.0,34.208333333333336,35,0
2023-07-05 23:00:00,17.520245,0,6.4799995,1.484318,46,0,23,0,0,1,0,0,0,0,35.0,34.5,22,0
2023-07-06 00:00:00,16.560246,0,6.8399997,2.4149535,41,0,0,0,0,0,1,0,0,0,22.0,34.75,5,0
2023-07-06 01:00:00,15.970245,0,7.92,1.9386592,23,0,1,0,0,0,1,0,0,0,5.0,34.75,2,0
2023-07-06 02:00:00,14.880245,0,8.28,0.35999998,19,0,2,0,0,0,1,0,0,0,2.0,34.75,2,0
2023-07-06 03:00:00,14.5602455,0,8.28,1.4399999,17.7,0,3,0,0,0,1,0,0,0,2.0,34.791666666666664,1,0
2023-07-06 04:00:00,13.980246,0,7.5599995,2.0991426,20.400002,18.339998,4,0,0,0,1,0,0,0,1.0,34.791666666666664,2,0
2023-07-06 05:00:00,15.250245,0,7.2,1.8,20,47.878788,5,0,0,0,1,0,0,0,2.0,34.791666666666664,10,0
2023-07-06 06:00:00,16.780245,0,9.72,2.8799999,14,51.51515,6,0,0,0,1,0,0,0,10.0,34.708333333333336,32,0
2023-07-06 07:00:00,18.810246,0,13.32,3.6,16,50.303032,7,0,0,0,1,0,0,0,32.0,34.833333333333336,41,0
2023-07-06 08:00:00,21.090246,0,16.919998,4.379589,13,52.121212,8,0,0,0,1,0,0,0,41.0,35.5,32,0
2023-07-06 09:00:00,22.520245,0,17.64,4.2136917,12,52.727272,9,0,0,0,1,0,0,0,32.0,35.125,38,0
2023-07-06 10:00:00,23.670246,0,17.64,4.6102495,1,59.393936,10,0,0,0,1,0,0,0,38.0,35.541666666666664,43,0
2023-07-06 11:00:00,24.520245,0,17.28,5.0911684,1,59.393936,11,0,0,0,1,0,0,0,43.0,35.5,31,0
2023-07-06 12:00:00,25.230246,0,17.28,4.32,2,58.78788,12,0,0,0,1,0,0,0,31.0,35.166666666666664,18,0
2023-07-06 13:00:00,26.030245,0,15.4800005,2.52,12,52.727272,13,0,0,0,1,0,0,0,18.0,34.791666666666664,50,0
2023-07-06 14:00:00,26.800245,0,14.4,3.2599385,17,49.696968,14,0,0,0,1,0,0,0,50.0,35.333333333333336,36,0
2023-07-06 15:00:00,27.090246,0,13.679999,5.4119864,23,46.060608,15,0,0,0,1,0,0,0,36.0,34.875,47,0
2023-07-06 16:00:00,27.540245,0,13.32,6.638072,23,46.060608,16,0,0,0,1,0,0,0,47.0,34.541666666666664,47,0
2023-07-06 17:00:00,27.540245,0,16.919998,4.510787,13,52.121212,17,0,0,0,1,0,0,0,47.0,34.666666666666664,86,0
2023-07-06 18:00:00,26.080246,0,21.599998,2.5959969,15,50.909096,18,0,0,0,1,0,0,0,86.0,35.083333333333336,60,0
2023-07-06 19:00:00,23.300245,0,12.959999,3.396233,18,49.090908,19,0,0,0,1,0,0,0,60.0,34.75,97,0
2023-07-06 20:00:00,19.990246,0,11.879999,3.7064266,21,25.21212,20,0,0,0,1,0,0,0,97.0,35.708333333333336,78,0
2023-07-06 21:00:00,18.430244,0,10.799999,2.9024127,6,0,21,0,0,0,1,0,0,0,78.0,36.333333333333336,54,0
2023-07-06 22:00:00,16.890245,0,9.36,5.315336,5,0,22,0,0,0,1,0,0,0,54.0,36.208333333333336,45,0
2023-07-06 23:00:00,16.040245,0,9.72,5.8048253,0,0,23,0,0,0,1,0,0,0,45.0,36.625,19,0
2023-07-07 00:00:00,15.170245,0,9.36,5.00128,2,0,0,0,0,0,0,1,0,0,19.0,36.5,5,0
2023-07-07 01:00:00,13.980246,0,9.72,2.968636,3,0,1,0,0,0,0,1,0,0,5.0,36.5,2,0
2023-07-07 02:00:00,13.160245,0,10.440001,2.0991426,1,0,2,0,0,0,0,1,0,0,2.0,36.5,2,0
2023-07-07 03:00:00,13.100245,0,10.799999,2.4149535,4,0,3,0,0,0,0,1,0,0,2.0,36.5,1,0
2023-07-07 04:00:00,13.180245,0,10.08,3.0758414,3,21.624243,4,0,0,0,0,1,0,0,1.0,36.5,2,0
2023-07-07 05:00:00,15.280245,0,10.08,2.6208394,1,59.393936,5,0,0,0,0,1,0,0,2.0,36.5,15,0
2023-07-07 06:00:00,18.260244,0,11.879999,2.2768397,2,58.78788,6,0,0,0,0,1,0,0,15.0,36.708333333333336,31,0
2023-07-07 07:00:00,21.060246,0,12.959999,3.2399998,0,60,7,0,0,0,0,1,0,0,31.0,36.666666666666664,53,0
2023-07-07 08:00:00,23.510244,0,16.199999,4.6938252,1.2,59.272728,8,0,0,0,0,1,0,0,53.0,37.166666666666664,63,0
2023-07-07 09:00:00,25.600245,0,19.8,6.162207,9.6,54.181816,9,0,0,0,0,1,0,0,63.0,38.458333333333336,50,0
2023-07-07 10:00:00,27.730246,0,20.880001,6.28713,12.3,52.545456,10,0,0,0,0,1,0,0,50.0,38.958333333333336,45,0
2023-07-07 11:00:00,29.480246,0,21.599998,6.489992,9.900001,54,11,0,0,0,0,1,0,0,45.0,39.041666666666664,43,0
2023-07-07 12:00:00,30.710245,0,21.599998,5.2416787,7.5000005,55.454544,12,0,0,0,0,1,0,0,43.0,39.541666666666664,27,0
2023-07-07 13:00:00,31.690245,0,19.8,3.5455887,10.5,53.63636,13,0,0,0,0,1,0,0,27.0,39.916666666666664,41,0
2023-07-07 14:00:00,32.380245,0,19.08,3.9763298,5.4,56.727272,14,0,0,0,0,1,0,0,41.0,39.541666666666664,53,0
2023-07-07 15:00:00,32.560246,0,18,6.379216,1.8000001,58.909092,15,0,0,0,0,1,0,0,53.0,40.25,65,0
2023-07-07 16:00:00,32.500248,0,18,4.379589,11,53.333332,16,0,0,0,0,1,0,0,65.0,41.0,55,0
2023-07-07 17:00:00,32.060246,0,18.72,6.1305785,8.700001,54.727272,17,0,0,0,0,1,0,0,55.0,41.333333333333336,82,0
2023-07-07 18:00:00,31.170246,0,18.359999,5.315336,7.5000005,55.454544,18,0,0,0,0,1,0,0,82.0,41.166666666666664,78,0
2023-07-07 19:00:00,28.080246,0,14.759999,6.989936,13,52.121212,19,0,0,0,0,1,0,0,78.0,41.916666666666664,104,0
2023-07-07 20:00:00,24.870245,0,14.759999,8.714677,24,23.88889,20,0,0,0,0,1,0,0,104.0,42.208333333333336,85,0
2023-07-07 21:00:00,22.950245,0,14.4,7.072878,29.400002,0,21,0,0,0,0,1,0,0,85.0,42.5,58,0
2023-07-07 22:00:00,21.470245,0,12.959999,5.3517847,28.800001,0,22,0,0,0,0,1,0,0,58.0,42.666666666666664,68,0
2023-07-07 23:00:00,21.310246,0,12.599999,4.6938252,29.400002,0,23,0,0,0,0,1,0,0,68.0,43.625,44,0
2023-07-08 00:00:00,20.650246,0,12.24,4.1046314,30.000002,0,0,0,0,0,0,0,1,0,44.0,44.666666666666664,24,0
2023-07-08 01:00:00,20.570246,0,13.32,4.73506,30.000002,0,1,0,0,0,0,0,1,0,24.0,45.458333333333336,13,0
2023-07-08 02:00:00,20.080246,0,14.04,3.0758414,30.000002,0,2,0,0,0,0,0,1,0,13.0,45.916666666666664,12,0
2023-07-08 03:00:00,20.290245,0,15.119999,3.9763298,29.7,0,3,0,0,0,0,0,1,0,12.0,46.333333333333336,3,0
2023-07-08 04:00:00,20.290245,0,16.199999,5.8048253,27.900002,15.440908,4,0,0,0,0,0,1,0,3.0,46.416666666666664,2,0
2023-07-08 05:00:00,19.660246,0.2,16.199999,3.6,45,32.727272,5,0,0,0,0,0,1,0,2.0,46.416666666666664,4,0
2023-07-08 06:00:00,19.700245,0,14.4,7.10031,37,37.57576,6,0,0,0,0,0,1,0,4.0,45.958333333333336,5,0
2023-07-08 07:00:00,19.850245,0.6,20.519999,8.311245,58,24.848484,7,0,0,0,0,0,1,0,5.0,44.875,17,0
2023-07-08 08:00:00,21.290245,0.3,21.599998,10.182337,70,17.575756,8,0,0,0,0,0,1,0,17.0,43.375,22,0
2023-07-08 09:00:00,23.830246,0.2,21.96,10.931203,59,24.242424,9,0,0,0,0,0,1,0,22.0,41.666666666666664,31,0
2023-07-08 10:00:00,23.650246,0,22.319998,7.6367526,58,24.848484,10,0,0,0,0,0,1,0,31.0,40.875,48,0
2023-07-08 11:00:00,25.130245,0,23.4,6.87779,56,26.060608,11,0,0,0,0,0,1,0,48.0,41.0,38,0
2023-07-08 12:00:00,27.250246,0,25.56,7.5942073,45,32.727272,12,0,0,0,0,0,1,0,38.0,40.791666666666664,57,0
2023-07-08 13:00:00,29.270245,0,29.519999,6.638072,43,33.939392,13,0,0,0,0,0,1,0,57.0,42.041666666666664,73,0
2023-07-08 14:00:00,30.560246,0,28.8,3.2399998,15,50.909096,14,0,0,0,0,0,1,0,73.0,43.375,85,0
2023-07-08 15:00:00,31.180244,0,24.84,2.0991426,14,51.51515,15,0,0,0,0,0,1,0,85.0,44.708333333333336,111,0
2023-07-08 16:00:00,31.450245,0,22.319998,2.5455842,14,51.51515,16,0,0,0,0,0,1,0,111.0,46.625,77,0
2023-07-08 17:00:00,30.930244,0,18,4.3349743,16,50.303032,17,0,0,0,0,0,1,0,77.0,47.541666666666664,161,0
2023-07-08 18:00:00,29.650246,0,14.759999,2.6208394,11,53.333332,18,0,0,0,0,0,1,0,161.0,50.833333333333336,122,0
2023-07-08 19:00:00,27.460245,0,7.5599995,2.5959969,4,57.575756,19,0,0,0,0,0,1,0,122.0,52.666666666666664,117,0
2023-07-08 20:00:00,25.060246,0,8.28,1.9386592,5,29.497644,20,0,0,0,0,0,1,0,117.0,53.208333333333336,86,0
2023-07-08 21:00:00,23.670246,0,8.64,3.0758414,11.1,0,21,0,0,0,0,0,1,0,86.0,53.25,94,0
2023-07-08 22:00:00,22.290245,0,7.5599995,2.968636,11.700001,0,22,0,0,0,0,0,1,0,94.0,54.75,72,0
2023-07-08 23:00:00,20.940245,0,8.28,3.0758414,8.1,0,23,0,0,0,0,0,1,0,72.0,54.916666666666664,55,0
2023-07-09 00:00:00,20.270245,0,8.64,2.7416782,2.1000001,0,0,0,0,0,0,0,0,1,55.0,55.375,30,0
2023-07-09 01:00:00,19.310246,0,8.64,3.396233,12.3,0,1,0,0,0,0,0,0,1,30.0,55.625,14,0
2023-07-09 02:00:00,18.640245,0,9,3.319036,20.1,0,2,0,0,0,0,0,0,1,14.0,55.666666666666664,11,0
2023-07-09 03:00:00,18.170246,0,9.36,3.319036,12.3,0,3,0,0,0,0,0,0,1,11.0,55.625,4,0
2023-07-09 04:00:00,18.010244,0,10.08,3.8268526,7.8,19.084444,4,0,0,0,0,0,0,1,4.0,55.666666666666664,2,0
2023-07-09 05:00:00,19.590246,0,11.159999,4.6102495,9.3,54.363636,5,0,0,0,0,0,0,1,2.0,55.666666666666664,3,0
2023-07-09 06:00:00,22.380245,0,12.599999,3.8939953,15.3,50.727276,6,0,0,0,0,0,0,1,3.0,55.625,6,0
2023-07-09 07:00:00,25.030245,0,14.04,4.0249224,21.300001,47.090904,7,0,0,0,0,0,0,1,6.0,55.666666666666664,27,0
2023-07-09 08:00:00,27.590246,0,16.199999,4.829907,26.400002,44,8,0,0,0,0,0,0,1,27.0,56.083333333333336,24,0
2023-07-09 09:00:00,29.710245,0,18.72,5.692099,18.6,48.727276,9,0,0,0,0,0,0,1,24.0,56.166666666666664,35,0
2023-07-09 10:00:00,31.670246,0,22.319998,4.68,20.400002,47.63636,10,0,0,0,0,0,0,1,35.0,56.333333333333336,35,0
2023-07-09 11:00:00,33.390247,0,24.48,6.12,22.2,46.545456,11,0,0,0,0,0,0,1,35.0,55.791666666666664,34,0
2023-07-09 12:00:00,34.370247,0,24.84,5.8048253,22,46.666668,12,0,0,0,0,0,0,1,34.0,55.625,57,0
2023-07-09 13:00:00,35.250248,0,23.759998,5.2416787,12.6,52.363636,13,0,0,0,0,0,0,1,57.0,55.625,48,0
2023-07-09 14:00:00,35.510246,0,21.96,4.379589,12.6,52.363636,14,0,0,0,0,0,0,1,48.0,54.583333333333336,97,0
2023-07-09 15:00:00,35.080246,0,20.880001,3.5455887,11.400001,53.090908,15,0,0,0,0,0,0,1,97.0,55.083333333333336,88,0
2023-07-09 16:00:00,34.490246,0.1,18.72,4.32,17.7,49.272724,16,0,0,0,0,0,0,1,88.0,54.125,102,0
2023-07-09 17:00:00,34.420246,0,18.359999,4.0249224,22.2,46.545456,17,0,0,0,0,0,0,1,102.0,55.166666666666664,108,0
2023-07-09 18:00:00,33.710247,0,14.4,4.0249224,13.200001,52,18,0,0,0,0,0,0,1,108.0,52.958333333333336,105,0
2023-07-09 19:00:00,30.240246,0,11.159999,3.8773184,28.800001,42.545456,19,0,0,0,0,0,0,1,105.0,52.25,122,0
2023-07-09 20:00:00,27.190245,0,10.440001,2.5959969,30.000002,21.315655,20,0,0,0,0,0,0,1,122.0,52.458333333333336,87,0
2023-07-09 21:00:00,27.240246,0,8.64,4.452954,28.500002,0,21,0,0,0,0,0,0,1,87.0,52.5,76,0
2023-07-09 22:00:00,23.760244,0,12.24,6.297428,44,0,22,0,0,0,0,0,0,1,76.0,51.75,57,0
2023-07-09 23:00:00,23.240246,0,12.599999,2.5959969,16,0,23,0,0,0,0,0,0,1,57.0,51.125,48,0
2023-07-10 00:00:00,22.580246,0,12.24,2.52,17.400002,0,0,1,0,0,0,0,0,0,48.0,50.833333333333336,3,0
2023-07-10 01:00:00,22.190245,0,12.599999,3.2399998,26.7,0,1,1,0,0,0,0,0,0,3.0,49.708333333333336,2,0
2023-07-10 02:00:00,21.540245,0,12.959999,3.6,24.6,0,2,1,0,0,0,0,0,0,2.0,49.208333333333336,2,0
2023-07-10 03:00:00,21.350245,0,13.679999,3.8773184,16.2,0,3,1,0,0,0,0,0,0,2.0,48.833333333333336,1,0
2023-07-10 04:00:00,21.350245,0,15.119999,4.198285,16,16.64192,4,1,0,0,0,0,0,0,1.0,48.708333333333336,3,0
2023-07-10 05:00:00,21.400246,0,16.919998,5.6233797,23,46.060608,5,1,0,0,0,0,0,0,3.0,48.75,15,0
2023-07-10 06:00:00,22.220245,0,20.16,6.9153743,19,48.484848,6,1,0,0,0,0,0,0,15.0,49.25,39,1
2023-07-10 07:00:00,23.120245,0,19.8,6.696387,21,47.272724,7,1,0,0,0,0,0,0,39.0,50.625,38,1
2023-07-10 08:00:00,24.540245,0,21.599998,7.2805495,28,43.0303,8,1,0,0,0,0,0,0,38.0,51.083333333333336,68,1
2023-07-10 09:00:00,26.210245,0,22.68,7.6367526,26,44.242424,9,1,0,0,0,0,0,0,68.0,52.916666666666664,67,1
2023-07-10 10:00:00,28.340246,0,25.199999,2.1897945,55,26.666664,10,1,0,0,0,0,0,0,67.0,54.25,31,0
2023-07-10 11:00:00,29.730246,0,25.56,3.2599385,36,38.181816,11,1,0,0,0,0,0,0,31.0,54.083333333333336,30,0
2023-07-10 12:00:00,31.220245,0,24.119999,4.39436,40,35.757576,12,1,0,0,0,0,0,0,30.0,53.916666666666664,29,0
2023-07-10 13:00:00,31.860245,0,25.199999,5.495161,27,43.636364,13,1,0,0,0,0,0,0,29.0,52.75,33,0
2023-07-10 14:00:00,32.140247,0,26.28,5.00128,8,55.151512,14,1,0,0,0,0,0,0,33.0,52.125,60,0
2023-07-10 15:00:00,32.150246,0,25.56,6.12,20,47.878788,15,1,0,0,0,0,0,0,60.0,50.583333333333336,54,0
2023-07-10 16:00:00,31.880245,0,24.48,6.638072,25,44.848488,16,1,0,0,0,0,0,0,54.0,49.166666666666664,58,0
2023-07-10 17:00:00,31.450245,0,22.319998,3.8939953,22,46.666668,17,1,0,0,0,0,0,0,58.0,47.333333333333336,79,0
2023-07-10 18:00:00,30.370245,0,15.4800005,0.5091169,17,49.696968,18,1,0,0,0,0,0,0,79.0,46.125,55,0
2023-07-10 19:00:00,29.110245,0,7.2,0,10,53.939396,19,1,0,0,0,0,0,0,55.0,44.041666666666664,84,0
2023-07-10 20:00:00,26.340246,0,7.5599995,1.609969,11,26.562963,20,1,0,0,0,0,0,0,84.0,42.458333333333336,64,0
2023-07-10 21:00:00,23.380245,0,8.64,3.319036,7,0,21,1,0,0,0,0,0,0,64.0,41.5,76,0
2023-07-10 22:00:00,22.600245,0,9,2.3051248,3,0,22,1,0,0,0,0,0,0,76.0,41.5,39,0
2023-07-10 23:00:00,22.130245,0,8.64,4.3349743,3,0,23,1,0,0,0,0,0,0,39.0,40.75,24,0
2023-07-11 00:00:00,21.690245,0,9,2.3051248,2,0,0,0,1,0,0,0,0,0,24.0,39.75,3,0
2023-07-11 01:00:00,21.270245,0,8.64,2.2768397,2,0,1,0,1,0,0,0,0,0,3.0,39.75,1,0
2023-07-11 02:00:00,20.880245,0,8.64,2.5959969,3,0,2,0,1,0,0,0,0,0,1.0,39.708333333333336,2,0
2023-07-11 03:00:00,20.510244,0,9,2.2768397,2,0,3,0,1,0,0,0,0,0,2.0,39.708333333333336,1,0
2023-07-11 04:00:00,19.680244,0,10.440001,1.9386592,0,18.916666,4,0,1,0,0,0,0,0,1.0,39.708333333333336,2,0
2023-07-11 05:00:00,20.900246,0,12.959999,3.6,0,60,5,0,1,0,0,0,0,0,2.0,39.666666666666664,13,0
2023-07-11 06:00:00,23.570246,0,14.759999,2.5959969,0,60,6,0,1,0,0,0,0,0,13.0,39.583333333333336,44,0
2023-07-11 07:00:00,25.970245,0,13.32,3.6,0,60,7,0,1,0,0,0,0,0,44.0,39.791666666666664,42,0
2023-07-11 08:00:00,27.960245,0,16.199999,4.6800003,0,60,8,0,1,0,0,0,0,0,42.0,39.958333333333336,44,0
2023-07-11 09:00:00,29.840246,0,18.72,4.68,0,60,9,0,1,0,0,0,0,0,44.0,38.958333333333336,52,0
2023-07-11 10:00:00,31.490246,0,21.24,4.8433046,5,56.9697,10,0,1,0,0,0,0,0,52.0,38.333333333333336,36,0
2023-07-11 11:00:00,33.140247,0,33.48,6.638072,3.9,57.63636,11,0,1,0,0,0,0,0,36.0,38.541666666666664,33,0
2023-07-11 12:00:00,34.34025,0,29.88,9.290511,9.900001,54,12,0,1,0,0,0,0,0,33.0,38.666666666666664,38,0
2023-07-11 13:00:00,35.420246,0,31.68,10.853866,8.400001,54.909092,13,0,1,0,0,0,0,0,38.0,39.041666666666664,63,0
2023-07-11 14:00:00,36.120247,0,32.399998,11.841756,1.5,59.090908,14,0,1,0,0,0,0,0,63.0,40.291666666666664,46,0
2023-07-11 15:00:00,36.150246,0,30.239998,11.013882,29.400002,42.181816,15,0,1,0,0,0,0,0,46.0,39.708333333333336,73,0
2023-07-11 16:00:00,36.030247,0,24.48,4.3498964,30.000002,41.81818,16,0,1,0,0,0,0,0,73.0,40.5,72,0
2023-07-11 17:00:00,35.640247,0,15.84,18.0036,30.000002,41.81818,17,0,1,0,0,0,0,0,72.0,41.083333333333336,38,0
2023-07-11 18:00:00,32.890247,0.3,23.4,12.599998,41,35.151512,18,0,1,0,0,0,0,0,38.0,39.375,54,0
2023-07-11 19:00:00,28.770245,0.5,43.92,2.4149535,57,25.454548,19,0,1,0,0,0,0,0,54.0,39.333333333333336,74,0
2023-07-11 20:00:00,23.900246,3.3,45,8.404285,30.000002,20.351515,20,0,1,0,0,0,0,0,74.0,38.916666666666664,35,0
2023-07-11 21:00:00,22.180244,1.2,42.12,10.464797,35,0,21,0,1,0,0,0,0,0,35.0,37.708333333333336,32,0
2023-07-11 22:00:00,20.930244,0.5,29.16,14.264361,39,0,22,0,1,0,0,0,0,0,32.0,35.875,24,0
2023-07-11 23:00:00,21.040245,0,24.119999,12.682018,63,0,23,0,1,0,0,0,0,0,24.0,35.25,15,0
2023-07-12 00:00:00,20.980246,0.1,25.199999,11.841756,30,0,0,0,0,1,0,0,0,0,15.0,34.875,5,0
2023-07-12 01:00:00,20.950245,0,24.84,9,29.7,0,1,0,0,1,0,0,0,0,5.0,34.958333333333336,2,0
2023-07-12 02:00:00,20.840246,0,24.84,7.208994,30.000002,0,2,0,0,1,0,0,0,0,2.0,35.0,2,0
2023-07-12 03:00:00,20.930244,0,27,7.8625183,30.000002,0,3,0,0,1,0,0,0,0,2.0,35.0,1,0
2023-07-12 04:00:00,20.940245,0,27.359999,10.30883,29.7,12.576666,4,0,0,1,0,0,0,0,1.0,35.0,2,0
2023-07-12 05:00:00,20.930244,0,28.44,8.39657,29.400002,42.181816,5,0,0,1,0,0,0,0,2.0,35.0,15,0
2023-07-12 06:00:00,21.400246,0,27.359999,8.39657,23.1,46,6,0,0,1,0,0,0,0,15.0,35.083333333333336,40,0
2023-07-12 07:00:00,22.790245,0,25.919998,10.685391,18,49.090908,7,0,0,1,0,0,0,0,40.0,34.916666666666664,39,0
2023-07-12 08:00:00,24.020245,0,25.56,10.365251,20,47.878788,8,0,0,1,0,0,0,0,39.0,34.791666666666664,50,0
2023-07-12 09:00:00,24.770245,0,29.519999,10.239453,14,51.51515,9,0,0,1,0,0,0,0,50.0,35.041666666666664,44,0
2023-07-12 10:00:00,25.940245,0,34.2,2.4149535,62,22.424244,10,0,0,1,0,0,0,0,44.0,34.708333333333336,46,0
2023-07-12 11:00:00,25.740246,0.8,36,5.692099,41,35.151512,11,0,0,1,0,0,0,0,46.0,35.125,25,0
2023-07-12 12:00:00,26.040245,0,32.760002,5.1544156,73,15.757578,12,0,0,1,0,0,0,0,25.0,34.791666666666664,38,0
2023-07-12 13:00:00,26.750246,0,36.719997,8.669949,46,32.121212,13,0,0,1,0,0,0,0,38.0,34.791666666666664,51,0
2023-07-12 14:00:00,26.920246,0,37.079998,7.9932976,57,25.454548,14,0,0,1,0,0,0,0,51.0,34.291666666666664,30,0
2023-07-12 15:00:00,25.730246,0.2,35.28,8.759178,54,27.272726,15,0,0,1,0,0,0,0,30.0,33.625,62,0
2023-07-12 16:00:00,25.880245,0,34.56,8.699793,30,41.81818,16,0,0,1,0,0,0,0,62.0,33.166666666666664,51,0
2023-07-12 17:00:00,25.550245,0,32.399998,8.669949,29.7,42,17,0,0,1,0,0,0,0,51.0,32.291666666666664,78,0
2023-07-12 18:00:00,25.110245,0,29.519999,5.634891,36,38.181816,18,0,0,1,0,0,0,0,78.0,33.958333333333336,67,0
2023-07-12 19:00:00,24.150246,0,14.759999,3.096837,26.1,44.18182,19,0,0,1,0,0,0,0,67.0,34.5,53,0
2023-07-12 20:00:00,22.450245,0,13.679999,4.896529,49,14.402358,20,0,0,1,0,0,0,0,53.0,33.625,78,0
2023-07-12 21:00:00,21.090246,0,14.759999,5.692099,38,0,21,0,0,1,0,0,0,0,78.0,35.416666666666664,48,0
2023-07-12 22:00:00,20.140245,0,15.119999,4.3349743,76,0,22,0,0,1,0,0,0,0,48.0,36.083333333333336,43,0
2023-07-12 23:00:00,19.590246,0,12.599999,2.6208394,67,0,23,0,0,1,0,0,0,0,43.0,36.875,21,0
2023-07-13 00:00:00,19.500246,0,13.679999,3.0758414,57,0,0,0,0,0,1,0,0,0,21.0,37.125,5,0
2023-07-13 01:00:00,18.900246,0,13.679999,4.2136917,65,0,1,0,0,0,1,0,0,0,5.0,37.125,3,0
2023-07-13 02:00:00,18.510244,0,13.32,3.6179552,65,0,2,0,0,0,1,0,0,0,3.0,37.166666666666664,2,0
2023-07-13 03:00:00,17.960245,0,12.599999,3.2399998,44,0,3,0,0,0,1,0,0,0,2.0,37.166666666666664,1,0
2023-07-13 04:00:00,17.280245,0,11.159999,3.7585104,24.900002,12.749192,4,0,0,0,1,0,0,0,1.0,37.166666666666664,2,0
2023-07-13 05:00:00,18.260244,0,10.799999,2.1897945,26,44.242424,5,0,0,0,1,0,0,0,2.0,37.166666666666664,11,0
2023-07-13 06:00:00,19.370245,0,12.24,2.5455842,24,45.454544,6,0,0,0,1,0,0,0,11.0,37.0,30,0
2023-07-13 07:00:00,20.470245,0,15.119999,3.6179552,11,53.333332,7,0,0,0,1,0,0,0,30.0,36.583333333333336,37,0
2023-07-13 08:00:00,21.950245,0,17.64,5.0142193,30,41.81818,8,0,0,0,1,0,0,0,37.0,36.5,50,0
2023-07-13 09:00:00,23.110245,0,18.72,5.5887027,27.900002,43.090904,9,0,0,0,1,0,0,0,50.0,36.5,49,0
2023-07-13 10:00:00,23.630245,0,18.72,4.0249224,29,42.424244,10,0,0,0,1,0,0,0,49.0,36.708333333333336,42,0
2023-07-13 11:00:00,24.870245,0,21.24,7.92,63,21.818182,11,0,0,0,1,0,0,0,42.0,36.541666666666664,31,0
2023-07-13 12:00:00,25.640245,0,23.759998,10.105681,78,12.727271,12,0,0,0,1,0,0,0,31.0,36.791666666666664,37,0
2023-07-13 13:00:00,26.280245,0,25.919998,10.464798,58,24.848484,13,0,0,0,1,0,0,0,37.0,36.75,49,0
2023-07-13 14:00:00,26.700245,0,26.28,10.739833,60,23.636362,14,0,0,0,1,0,0,0,49.0,36.666666666666664,57,0
2023-07-13 15:00:00,26.690245,0,26.64,9.983106,40,35.757576,15,0,0,0,1,0,0,0,57.0,37.791666666666664,58,0
2023-07-13 16:00:00,26.620245,0,24.84,8.587338,34,39.39394,16,0,0,0,1,0,0,0,58.0,37.625,39,0
2023-07-13 17:00:00,26.320246,0,20.880001,6.792466,9,54.545452,17,0,0,0,1,0,0,0,39.0,37.125,84,0
2023-07-13 18:00:00,25.470245,0,17.28,5.1919937,14,51.51515,18,0,0,0,1,0,0,0,84.0,37.375,102,0
2023-07-13 19:00:00,22.960245,0,11.879999,2.8116899,17,49.696968,19,0,0,0,1,0,0,0,102.0,38.833333333333336,87,0
2023-07-13 20:00:00,21.260244,0,9,2.968636,11,24.755556,20,0,0,0,1,0,0,0,87.0,40.25,69,0
2023-07-13 21:00:00,19.800245,0,7.5599995,3.8939953,8,0,21,0,0,0,1,0,0,0,69.0,39.875,61,0
2023-07-13 22:00:00,17.550245,0,7.2,3.219938,9,0,22,0,0,0,1,0,0,0,61.0,40.416666666666664,27,0
2023-07-13 23:00:00,16.630245,0,7.5599995,6.763786,17.1,0,23,0,0,0,1,0,0,0,27.0,39.75,19,0
2023-07-14 00:00:00,15.850245,0,9,6.696387,17.1,0,0,0,0,0,0,1,0,0,19.0,39.666666666666664,6,0
2023-07-14 01:00:00,15.050245,0,9.72,4.802999,22.2,0,1,0,0,0,0,1,0,0,6.0,39.708333333333336,2,0
2023-07-14 02:00:00,14.390245,0,9.72,3.6179552,15.900001,0,2,0,0,0,0,1,0,0,2.0,39.666666666666664,3,0
2023-07-14 03:00:00,14.030245,0,9.72,3.671294,6,0,3,0,0,0,0,1,0,0,3.0,39.708333333333336,1,0
2023-07-14 04:00:00,13.550245,0,9.72,4.8433046,19,13.0101,4,0,0,0,0,1,0,0,1.0,39.708333333333336,2,0
2023-07-14 05:00:00,14.570246,0,9.36,2.3051248,6.9,55.81818,5,0,0,0,0,1,0,0,2.0,39.708333333333336,9,0
2023-07-14 06:00:00,17.210245,0,10.440001,2.4149535,25.2,44.727276,6,0,0,0,0,1,0,0,9.0,39.625,42,0
2023-07-14 07:00:00,19.570246,0,12.599999,3.319036,26.7,43.818184,7,0,0,0,0,1,0,0,42.0,40.125,32,0
2023-07-14 08:00:00,21.540245,0,14.759999,3.671294,27.6,43.272728,8,0,0,0,0,1,0,0,32.0,39.916666666666664,44,0
2023-07-14 09:00:00,25.702062621340858,0,17.28,5.1544156,28.500002,42.727272,9,0,0,0,0,1,0,0,44.0,39.666666666666664,39,0
2023-07-14 10:00:00,26.8957922926333,0,19.8,4.8433046,28.2,42.909096,10,0,0,0,0,1,0,0,39.0,39.25,35,0
2023-07-14 11:00:00,27.6136995315778,0,20.16,3.9763298,24.900002,44.909092,11,0,0,0,0,1,0,0,35.0,38.958333333333336,28,0
2023-07-14 12:00:00,29.9307496573525,0,19.44,2.8799999,11,53.333332,12,0,0,0,0,1,0,0,28.0,38.833333333333336,33,0
2023-07-14 13:00:00,27.95824984864586,0,18.72,4.198285,6,56.363636,13,0,0,0,0,1,0,0,33.0,38.666666666666664,22,0
2023-07-14 14:00:00,27.62574971574584,0,20.880001,6.12,15.000001,50.909096,14,0,0,0,0,1,0,0,22.0,37.541666666666664,50,0
2023-07-14 15:00:00,30.370245,0,23.4,8.209263,12.6,52.363636,15,0,0,0,0,1,0,0,50.0,37.25,50,0
2023-07-14 16:00:00,30.830246,0,25.199999,9.779817,0,60,16,0,0,0,0,1,0,0,50.0,36.916666666666664,76,0
2023-07-14 17:00:00,30.900246,0,25.56,10.464798,0,60,17,0,0,0,0,1,0,0,76.0,38.458333333333336,117,0
2023-07-14 18:00:00,29.910246,0,24.48,7.6367526,0,60,18,0,0,0,0,1,0,0,117.0,39.833333333333336,113,0
2023-07-14 19:00:00,26.420246,0,17.64,7.289444,0,60,19,0,0,0,0,1,0,0,113.0,40.291666666666664,91,0
2023-07-14 20:00:00,23.910246,0,16.199999,6.2145634,0,27.15,20,0,0,0,0,1,0,0,91.0,40.458333333333336,79,0
2023-07-14 21:00:00,22.220245,0,16.199999,6.28713,0,0,21,0,0,0,0,1,0,0,79.0,40.875,45,0
2023-07-14 22:00:00,21.290245,0,16.919998,4.73506,0,0,22,0,0,0,0,1,0,0,45.0,40.208333333333336,68,0
2023-07-14 23:00:00,20.620245,0,17.64,4.802999,0,0,23,0,0,0,0,1,0,0,68.0,41.916666666666664,39,0
2023-07-15 00:00:00,19.071792157189186,0,17.64,5.0142193,11,0,0,0,0,0,0,0,1,0,39.0,42.75,30,0
2023-07-15 01:00:00,19.133958342216463,0,17.28,4.829907,23,0,1,0,0,0,0,0,1,0,30.0,43.75,20,0
2023-07-15 02:00:00,18.322380058809948,0,16.919998,5.1919937,13,0,2,0,0,0,0,0,1,0,20.0,44.5,11,0
2023-07-15 03:00:00,18.602127504116428,0,16.919998,5.991594,15,0,3,0,0,0,0,0,1,0,11.0,44.833333333333336,4,0
2023-07-15 04:00:00,20.094084475722873,0,16.919998,5.8048253,5,14.353199,4,0,0,0,0,0,1,0,4.0,44.958333333333336,3,0
2023-07-15 05:00:00,19.320246,0,17.64,6.9153743,7,55.757576,5,0,0,0,0,0,1,0,3.0,45.0,3,0
2023-07-15 06:00:00,22.450245,0,18.359999,5.8603754,13,52.121212,6,0,0,0,0,0,1,0,3.0,44.75,5,0
2023-07-15 07:00:00,25.550245,0,19.44,5.6002855,8,55.151512,7,0,0,0,0,0,1,0,5.0,43.208333333333336,28,0
2023-07-15 08:00:00,27.540245,0,20.16,4.829907,11,53.333332,8,0,0,0,0,0,1,0,28.0,43.041666666666664,28,0
2023-07-15 09:00:00,28.840246,0,21.599998,5.3999996,7,55.757576,9,0,0,0,0,0,1,0,28.0,42.375,33,0
2023-07-15 10:00:00,30.600245,0,25.199999,10.594036,32,40.606064,10,0,0,0,0,0,1,0,33.0,42.125,46,0
2023-07-15 11:00:00,31.530245,0,28.8,14.973576,49,30.303032,11,0,0,0,0,0,1,0,46.0,42.583333333333336,43,0
2023-07-15 12:00:00,32.120247,0,30.239998,12.849528,33,39.999996,12,0,0,0,0,0,1,0,43.0,43.208333333333336,50,0
2023-07-15 13:00:00,32.150246,0,33.48,12.7279215,45,32.727272,13,0,0,0,0,0,1,0,50.0,43.916666666666664,41,0
2023-07-15 14:00:00,32.990246,0,39.6,9.885262,30,41.81818,14,0,0,0,0,0,1,0,41.0,44.708333333333336,78,0
2023-07-15 15:00:00,31.800245,0.2,46.8,7.2805495,15,50.909096,15,0,0,0,0,0,1,0,78.0,45.875,61,0
2023-07-15 16:00:00,32.920246,0,37.079998,5.4119864,17.7,49.272724,16,0,0,0,0,0,1,0,61.0,46.333333333333336,99,0
2023-07-15 17:00:00,31.150246,0,33.839996,5.937272,17.1,49.636364,17,0,0,0,0,0,1,0,99.0,47.291666666666664,136,0
2023-07-15 18:00:00,28.160246,0.2,36.719997,9.3876505,26.7,43.818184,18,0,0,0,0,0,1,0,136.0,48.083333333333336,106,0
2023-07-15 19:00:00,25.350245,3.4,33.839996,9.531505,26,44.242424,19,0,0,0,0,0,1,0,106.0,47.791666666666664,57,0
2023-07-15 20:00:00,23.410246,3.9,29.519999,3.5455887,36,16.71515,20,0,0,0,0,0,1,0,57.0,46.375,72,0
2023-07-15 21:00:00,22.220245,1,15.119999,4.896529,54,0,21,0,0,0,0,0,1,0,72.0,46.083333333333336,59,0
2023-07-15 22:00:00,20.670246,1,24.84,7.8625183,100,0,22,0,0,0,0,0,1,0,59.0,46.666666666666664,48,0
2023-07-15 23:00:00,19.710245,0.8,38.519997,15.03835,91,0,23,0,0,0,0,0,1,0,48.0,45.833333333333336,33,0
2023-07-16 00:00:00,18.400246,0.2,38.88,11.792404,85,0,0,0,0,0,0,0,0,1,33.0,45.583333333333336,40,0
2023-07-16 01:00:00,17.470245,0.2,32.760002,7.289444,64,0,1,0,0,0,0,0,0,1,40.0,46.0,18,0
2023-07-16 02:00:00,17.240246,0,30.599998,5.8603754,93,0,2,0,0,0,0,0,0,1,18.0,45.916666666666664,13,0
2023-07-16 03:00:00,17.120245,0,26.28,6.193674,86,0,3,0,0,0,0,0,0,1,13.0,46.0,4,0
2023-07-16 04:00:00,16.970245,0,22.319998,6.489992,75,3.4060607,4,0,0,0,0,0,0,1,4.0,46.0,3,0
2023-07-16 05:00:00,17.200245,0,19.08,6.9153743,60,23.636362,5,0,0,0,0,0,0,1,3.0,46.0,3,0
2023-07-16 06:00:00,17.760244,0,24.84,9.504273,46,32.121212,6,0,0,0,0,0,0,1,3.0,46.0,5,0
2023-07-16 07:00:00,18.460245,0.3,23.4,8.427383,42,34.545456,7,0,0,0,0,0,0,1,5.0,46.0,26,0
2023-07-16 08:00:00,19.400246,0,22.319998,8.427383,52,28.48485,8,0,0,0,0,0,0,1,26.0,45.916666666666664,19,0
2023-07-16 09:00:00,20.120245,0.8,22.319998,8.089993,35,38.78788,9,0,0,0,0,0,0,1,19.0,45.541666666666664,37,0
2023-07-16 10:00:00,21.280245,0.3,23.039999,1.1384199,42,34.545456,10,0,0,0,0,0,0,1,37.0,45.708333333333336,40,0
2023-07-16 11:00:00,22.310246,0,21.96,2.8116899,53,27.878788,11,0,0,0,0,0,0,1,40.0,45.458333333333336,35,0
2023-07-16 12:00:00,23.150246,0,21.96,3.396233,74,15.151516,12,0,0,0,0,0,0,1,35.0,45.125,54,0
2023-07-16 13:00:00,24.030245,0,21.96,5.154415,86,7.878789,13,0,0,0,0,0,0,1,54.0,45.291666666666664,65,0
2023-07-16 14:00:00,24.470245,0,21.96,5.4833565,95,2.4242413,14,0,0,0,0,0,0,1,65.0,46.291666666666664,93,0
2023-07-16 15:00:00,24.770245,0,22.319998,5.8603754,82,10.30303,15,0,0,0,0,0,0,1,93.0,46.916666666666664,79,0
2023-07-16 16:00:00,25.050245,0,22.319998,5.7599998,82,10.30303,16,0,0,0,0,0,0,1,79.0,47.666666666666664,116,0
2023-07-16 17:00:00,24.720245,0,21.599998,5.506941,87,7.2727275,17,0,0,0,0,0,0,1,116.0,48.375,74,0
2023-07-16 18:00:00,24.050245,0,16.199999,3.5455887,94,3.0303025,18,0,0,0,0,0,0,1,74.0,45.791666666666664,76,0
2023-07-16 19:00:00,23.340246,0,11.159999,2.968636,97,1.2121224,19,0,0,0,0,0,0,1,76.0,44.541666666666664,113,0
2023-07-16 20:00:00,21.010244,0,10.440001,3.6179552,80,4.871549,20,0,0,0,0,0,0,1,113.0,46.875,109,0
2023-07-16 21:00:00,19.910246,0,10.08,2.0991426,64,0,21,0,0,0,0,0,0,1,109.0,48.416666666666664,91,0
2023-07-16 22:00:00,20.140245,0,9.36,2.5455842,76,0,22,0,0,0,0,0,0,1,91.0,49.75,67,0
2023-07-16 23:00:00,19.240246,0,9.36,2.7416782,98,0,23,0,0,0,0,0,0,1,67.0,50.541666666666664,38,0
2023-07-17 00:00:00,19.680244,0,10.799999,3.8773184,100,0,0,1,0,0,0,0,0,0,38.0,50.75,6,0
2023-07-17 01:00:00,19.540245,0,11.5199995,3.671294,95,0,1,1,0,0,0,0,0,0,6.0,49.333333333333336,2,0
2023-07-17 02:00:00,19.180244,0,11.5199995,3.9763298,85,0,2,1,0,0,0,0,0,0,2.0,48.666666666666664,2,0
2023-07-17 03:00:00,19.170246,0,11.5199995,4.2136917,52,0,3,1,0,0,0,0,0,0,2.0,48.208333333333336,1,0
2023-07-17 04:00:00,18.890245,0,11.5199995,4.2136917,52,7.7474747,4,1,0,0,0,0,0,0,1.0,48.083333333333336,2,0
2023-07-17 05:00:00,19.340246,0,11.159999,4.1046314,52,32.727272,5,1,0,0,0,0,0,0,2.0,48.041666666666664,9,0
2023-07-17 06:00:00,20.410246,0,13.679999,4.452954,52,26.060608,6,1,0,0,0,0,0,0,9.0,48.291666666666664,33,1
2023-07-17 07:00:00,21.880245,0,13.32,4.3349743,48,30.90909,7,1,0,0,0,0,0,0,33.0,49.458333333333336,46,1
2023-07-17 08:00:00,22.820246,0,14.4,4.8965297,50,29.69697,8,1,0,0,0,0,0,0,46.0,50.291666666666664,48,1
2023-07-17 09:00:00,24.080246,0,15.4800005,5.1544156,39,36.36364,9,1,0,0,0,0,0,0,48.0,51.5,56,1
2023-07-17 10:00:00,24.730246,0,17.28,1.08,38,36.969692,10,1,0,0,0,0,0,0,56.0,52.291666666666664,40,0
2023-07-17 11:00:00,25.770245,0,19.44,4.510787,31,41.21212,11,1,0,0,0,0,0,0,40.0,52.291666666666664,34,0
2023-07-17 12:00:00,25.900246,0,22.319998,5.4833565,35,38.78788,12,1,0,0,0,0,0,0,34.0,52.25,20,0
2023-07-17 13:00:00,26.370245,0,23.759998,5.1544156,9,54.545452,13,1,0,0,0,0,0,0,20.0,50.833333333333336,38,0
2023-07-17 14:00:00,26.930244,0,25.199999,6.162207,18,49.090908,14,1,0,0,0,0,0,0,38.0,49.708333333333336,53,0
2023-07-17 15:00:00,26.740246,0,26.64,6.725354,5,56.9697,15,1,0,0,0,0,0,0,53.0,48.041666666666664,68,0
2023-07-17 16:00:00,26.860245,0,27,8.699793,14,51.51515,16,1,0,0,0,0,0,0,68.0,47.583333333333336,45,0
2023-07-17 17:00:00,26.500246,0,26.28,9.387651,42,34.545456,17,1,0,0,0,0,0,0,45.0,44.625,64,0
2023-07-17 18:00:00,25.480246,0,25.199999,8.404285,52,28.48485,18,1,0,0,0,0,0,0,64.0,44.208333333333336,86,0
2023-07-17 19:00:00,23.730246,0,18.72,6.297428,75,14.545455,19,1,0,0,0,0,0,0,86.0,44.625,79,0
2023-07-17 20:00:00,21.140245,0,13.679999,4.5536795,80,4.7020206,20,1,0,0,0,0,0,0,79.0,43.208333333333336,75,0
2023-07-17 21:00:00,20.290245,0,10.799999,4.379589,66,0,21,1,0,0,0,0,0,0,75.0,41.791666666666664,41,0
2023-07-17 22:00:00,20.770245,0,8.28,5.1544156,23,0,22,1,0,0,0,0,0,0,41.0,39.708333333333336,23,0
2023-07-17 23:00:00,19.690245,0,7.92,6.130579,7,0,23,1,0,0,0,0,0,0,23.0,37.875,19,0
2023-07-18 00:00:00,17.970245,0,9.36,5.937272,1,0,0,0,1,0,0,0,0,0,19.0,37.083333333333336,5,0
2023-07-18 01:00:00,16.700245,0,10.440001,5.815978,0,0,1,0,1,0,0,0,0,0,5.0,37.041666666666664,3,0
2023-07-18 02:00:00,16.080246,0,10.440001,6.297428,0,0,2,0,1,0,0,0,0,0,3.0,37.083333333333336,2,0
2023-07-18 03:00:00,16.050245,0,9.72,6.4096174,3,0,3,0,1,0,0,0,0,0,2.0,37.083333333333336,1,0
2023-07-18 04:00:00,15.950245,0,9.72,5.6233797,4,11.467173,4,0,1,0,0,0,0,0,1.0,37.083333333333336,1,0
2023-07-18 05:00:00,16.840246,0,10.08,4.8433046,5,56.9697,5,0,1,0,0,0,0,0,1.0,37.041666666666664,11,0
2023-07-18 06:00:00,19.130245,0,11.5199995,3.8268526,3,58.18182,6,0,1,0,0,0,0,0,11.0,37.125,39,0
2023-07-18 07:00:00,21.330246,0,14.759999,5.154415,3,58.18182,7,0,1,0,0,0,0,0,39.0,37.375,41,0
2023-07-18 08:00:00,23.230246,0,16.199999,4.0249224,1,59.393936,8,0,1,0,0,0,0,0,41.0,37.166666666666664,55,0
2023-07-18 09:00:00,24.530245,0,21.24,4.510787,2.4,58.545456,9,0,1,0,0,0,0,0,55.0,37.458333333333336,37,0
2023-07-18 10:00:00,25.090246,0,22.319998,10.086427,61,23.030302,10,0,1,0,0,0,0,0,37.0,36.666666666666664,24,0
2023-07-18 11:00:00,24.410246,0,27,5.315336,41,35.151512,11,0,1,0,0,0,0,0,24.0,36.0,23,0
2023-07-18 12:00:00,23.410246,0,27.359999,5.0142193,35,38.78788,12,0,1,0,0,0,0,0,23.0,35.541666666666664,40,0
2023-07-18 13:00:00,23.650246,0,29.88,11.269782,27.000002,43.636364,13,0,1,0,0,0,0,0,40.0,36.375,35,0
2023-07-18 14:00:00,25.760244,0,24.48,7.968939,37,37.57576,14,0,1,0,0,0,0,0,35.0,36.25,49,0
2023-07-18 15:00:00,26.950245,0,31.68,11.367109,44,33.333336,15,0,1,0,0,0,0,0,49.0,36.083333333333336,46,0
2023-07-18 16:00:00,27.540245,0,32.039997,11.631956,1,59.393936,16,0,1,0,0,0,0,0,46.0,35.166666666666664,58,0
2023-07-18 17:00:00,27.460245,0,24.48,9.339208,0,60,17,0,1,0,0,0,0,0,58.0,35.708333333333336,71,0
2023-07-18 18:00:00,26.850245,0,23.4,6.297428,5,56.9697,18,0,1,0,0,0,0,0,71.0,36.0,109,0
2023-07-18 19:00:00,25.610245,0,14.4,4.3349743,3.6000001,57.81818,19,0,1,0,0,0,0,0,109.0,36.958333333333336,109,0
2023-07-18 20:00:00,24.170246,0.9,20.519999,4.73506,17,19.575083,20,0,1,0,0,0,0,0,109.0,38.208333333333336,62,0
2023-07-18 21:00:00,22.930244,1.7,21.24,1.8,47,0,21,0,1,0,0,0,0,0,62.0,37.666666666666664,50,0
2023-07-18 22:00:00,21.550245,0.3,14.04,6.162207,28,0,22,0,1,0,0,0,0,0,50.0,38.041666666666664,29,0
2023-07-18 23:00:00,20.960245,0.5,15.119999,1.1384199,23,0,23,0,1,0,0,0,0,0,29.0,38.291666666666664,29,0
2023-07-19 00:00:00,20.600245,0.1,18.72,2.968636,33,0,0,0,0,1,0,0,0,0,29.0,38.708333333333336,3,0
2023-07-19 01:00:00,20.400246,0.2,18.72,5.2416787,45,0,1,0,0,1,0,0,0,0,3.0,38.625,2,0
2023-07-19 02:00:00,19.880245,0,16.56,4.829907,38,0,2,0,0,1,0,0,0,0,2.0,38.583333333333336,2,0
2023-07-19 03:00:00,20.140245,0,15.4800005,5.495161,24,0,3,0,0,1,0,0,0,0,2.0,38.583333333333336,1,0
2023-07-19 04:00:00,20.070246,0,15.119999,5.3999996,24,8.257575,4,0,0,1,0,0,0,0,1.0,38.583333333333336,2,0
2023-07-19 05:00:00,20.830246,0,15.4800005,4.8433046,28,43.0303,5,0,0,1,0,0,0,0,2.0,38.625,15,0
2023-07-19 06:00:00,22.740246,0,17.64,4.6102495,39,36.36364,6,0,0,1,0,0,0,0,15.0,38.791666666666664,37,0
2023-07-19 07:00:00,24.550245,0,18.72,5.3517847,34,39.39394,7,0,0,1,0,0,0,0,37.0,38.708333333333336,40,0
2023-07-19 08:00:00,25.610245,0,24.84,10.028439,32,40.606064,8,0,0,1,0,0,0,0,40.0,38.666666666666664,42,0
2023-07-19 09:00:00,26.920246,0,30.960001,11.440978,22,46.666668,9,0,0,1,0,0,0,0,42.0,38.125,43,0
2023-07-19 10:00:00,27.890245,0,37.079998,11.165805,20,47.878788,10,0,0,1,0,0,0,0,43.0,38.375,43,0
2023-07-19 11:00:00,28.500246,0,42.839996,12.964998,10,53.939396,11,0,0,1,0,0,0,0,43.0,39.166666666666664,20,0
2023-07-19 12:00:00,29.260244,0,43.56,14.044615,0,60,12,0,0,1,0,0,0,0,20.0,39.041666666666664,36,0
2023-07-19 13:00:00,29.590246,0,44.28,14.113653,2,58.78788,13,0,0,1,0,0,0,0,36.0,38.875,38,0
2023-07-19 14:00:00,29.390245,0,46.079998,14.618837,0,60,14,0,0,1,0,0,0,0,38.0,39.0,41,0
2023-07-19 15:00:00,29.170246,0,42.48,15.683776,4,57.575756,15,0,0,1,0,0,0,0,41.0,38.666666666666664,52,0
2023-07-19 16:00:00,29.060246,0,39.239998,16.520823,8,55.151512,16,0,0,1,0,0,0,0,52.0,38.916666666666664,61,0
2023-07-19 17:00:00,28.270245,0,38.16,16.071491,9,54.545452,17,0,0,1,0,0,0,0,61.0,39.041666666666664,74,0
2023-07-19 18:00:00,26.930244,0,34.92,13.779114,12,52.727272,18,0,0,1,0,0,0,0,74.0,39.166666666666664,60,0
2023-07-19 19:00:00,25.230246,0,30.599998,10.495713,15,50.909096,19,0,0,1,0,0,0,0,60.0,37.125,84,0
2023-07-19 20:00:00,23.020245,0,26.64,8.225035,22.800001,17.497778,20,0,0,1,0,0,0,0,84.0,36.083333333333336,72,0
2023-07-19 21:00:00,22.050245,0,20.519999,6.763786,31,0,21,0,0,1,0,0,0,0,72.0,36.5,46,0
2023-07-19 22:00:00,21.480246,0,16.919998,7.9932966,39,0,22,0,0,1,0,0,0,0,46.0,36.333333333333336,22,0
2023-07-19 23:00:00,20.790245,0,15.4800005,9.227524,22,0,23,0,0,1,0,0,0,0,22.0,36.041666666666664,30,0
2023-07-20 00:00:00,20.260244,0,15.4800005,5.5887027,36,0,0,0,0,0,1,0,0,0,30.0,36.083333333333336,6,0
2023-07-20 01:00:00,19.190245,0,14.4,4.829907,41,0,1,0,0,0,1,0,0,0,6.0,36.208333333333336,2,0
2023-07-20 02:00:00,18.080246,0,11.879999,3.096837,41,0,2,0,0,0,1,0,0,0,2.0,36.208333333333336,2,0
2023-07-20 03:00:00,17.480246,0,10.799999,2.16,37,0,3,0,0,0,1,0,0,0,2.0,36.208333333333336,1,0
2023-07-20 04:00:00,16.990246,0,10.08,1.8,27,7.127273,4,0,0,0,1,0,0,0,1.0,36.208333333333336,2,0
2023-07-20 05:00:00,17.750246,0,9,1.08,31,41.21212,5,0,0,0,1,0,0,0,2.0,36.208333333333336,11,0
2023-07-20 06:00:00,19.260244,0,11.159999,1.8,18,49.090908,6,0,0,0,1,0,0,0,11.0,36.041666666666664,36,0
2023-07-20 07:00:00,20.770245,0,11.159999,1.835647,26,44.242424,7,0,0,0,1,0,0,0,36.0,36.0,42,0
2023-07-20 08:00:00,22.150246,0,13.679999,2.9024127,26,44.242424,8,0,0,0,1,0,0,0,42.0,36.083333333333336,56,0
2023-07-20 09:00:00,23.440245,0,18.359999,4.5820518,34,39.39394,9,0,0,0,1,0,0,0,56.0,36.666666666666664,30,0
2023-07-20 10:00:00,24.530245,0,21.96,6.638072,78,12.727271,10,0,0,0,1,0,0,0,30.0,36.125,36,0
2023-07-20 11:00:00,24.670246,0,22.319998,6.696387,72,16.363636,11,0,0,0,1,0,0,0,36.0,35.833333333333336,35,0
2023-07-20 12:00:00,25.560246,0,19.08,6.297428,57,25.454548,12,0,0,0,1,0,0,0,35.0,36.458333333333336,27,0
2023-07-20 13:00:00,26.370245,0,20.16,6.439876,40,35.757576,13,0,0,0,1,0,0,0,27.0,36.083333333333336,44,0
2023-07-20 14:00:00,27.040245,0,21.24,5.95906,36,38.181816,14,0,0,0,1,0,0,0,44.0,36.333333333333336,41,0
2023-07-20 15:00:00,27.080246,0,21.96,5.937272,22.5,46.363636,15,0,0,0,1,0,0,0,41.0,36.333333333333336,50,0
2023-07-20 16:00:00,26.970245,0,20.519999,6.8399997,15.3,50.727276,16,0,0,0,1,0,0,0,50.0,36.25,61,0
2023-07-20 17:00:00,26.490246,0,16.919998,7.6367526,26.1,44.18182,17,0,0,0,1,0,0,0,61.0,36.25,89,0
2023-07-20 18:00:00,25.610245,0,14.04,7.42159,28.800001,42.545456,18,0,0,0,1,0,0,0,89.0,36.875,57,0
2023-07-20 19:00:00,24.160246,0,16.199999,5.154415,15.000001,50.909096,19,0,0,0,1,0,0,0,57.0,36.75,99,0
2023-07-20 20:00:00,22.230246,0,11.159999,6.12,14,18.602694,20,0,0,0,1,0,0,0,99.0,37.375,79,0
2023-07-20 21:00:00,20.980246,0,10.799999,5.937272,32,0,21,0,0,0,1,0,0,0,79.0,37.666666666666664,40,0
2023-07-20 22:00:00,19.310246,0,9.36,5.2416787,26.400002,0,22,0,0,0,1,0,0,0,40.0,37.416666666666664,17,0
2023-07-20 23:00:00,18.390245,0,8.28,5.1919937,27.900002,0,23,0,0,0,1,0,0,0,17.0,37.208333333333336,20,0
2023-07-21 00:00:00,18.370245,0.2,9.36,5.3999996,49,0,0,0,0,0,0,1,0,0,20.0,36.791666666666664,5,0
2023-07-21 01:00:00,17.600245,0,10.08,5.495161,69,0,1,0,0,0,0,1,0,0,5.0,36.75,1,0
2023-07-21 02:00:00,16.930244,0,10.440001,1.9386592,73,0,2,0,0,0,0,1,0,0,1.0,36.708333333333336,2,0
2023-07-21 03:00:00,16.270247,0,9.72,2.9024127,64,0,3,0,0,0,0,1,0,0,2.0,36.708333333333336,1,0
2023-07-21 04:00:00,15.440246,0,9.72,2.8799999,30,6.017172,4,0,0,0,0,1,0,0,1.0,36.708333333333336,1,0
2023-07-21 05:00:00,16.640245,0,9,0.8049845,20,47.878788,5,0,0,0,0,1,0,0,1.0,36.666666666666664,13,0
2023-07-21 06:00:00,18.180244,0,10.08,2.8116899,40,35.757576,6,0,0,0,0,1,0,0,13.0,36.75,24,0
2023-07-21 07:00:00,20.190245,0,12.24,4.1046314,28,43.0303,7,0,0,0,0,1,0,0,24.0,36.25,44,0
2023-07-21 08:00:00,21.720245,0,15.119999,3.319036,36,38.181816,8,0,0,0,0,1,0,0,44.0,36.333333333333336,49,0
2023-07-21 09:00:00,22.550245,0,18.359999,3.563818,51,29.09091,9,0,0,0,0,1,0,0,49.0,36.041666666666664,44,0
2023-07-21 10:00:00,23.060246,0,22.319998,5.00128,78,12.727271,10,0,0,0,0,1,0,0,44.0,36.625,44,0
2023-07-21 11:00:00,23.700245,0,23.039999,6.763786,98,0.6060612,11,0,0,0,0,1,0,0,44.0,36.958333333333336,29,0
2023-07-21 12:00:00,24.240246,0,24.48,6.4799995,69,18.18182,12,0,0,0,0,1,0,0,29.0,36.708333333333336,38,0
2023-07-21 13:00:00,23.100245,0.9,26.64,8.209263,41,35.151512,13,0,0,0,0,1,0,0,38.0,37.166666666666664,38,0
2023-07-21 14:00:00,21.710245,0.6,34.92,13.049689,25,44.848488,14,0,0,0,0,1,0,0,38.0,36.916666666666664,35,0
2023-07-21 15:00:00,21.650246,0.2,36,12.979984,63,21.818182,15,0,0,0,0,1,0,0,35.0,36.666666666666664,43,0
2023-07-21 16:00:00,22.010244,0,31.319998,10.514218,19,48.484848,16,0,0,0,0,1,0,0,43.0,36.375,75,0
2023-07-21 17:00:00,21.800245,0.2,25.199999,9,16,50.303032,17,0,0,0,0,1,0,0,75.0,36.958333333333336,82,0
2023-07-21 18:00:00,21.190245,0,21.96,6.989936,30,41.81818,18,0,0,0,0,1,0,0,82.0,36.666666666666664,118,0
2023-07-21 19:00:00,20.410246,0,17.28,4.2136917,46,32.121212,19,0,0,0,0,1,0,0,118.0,39.208333333333336,100,0
2023-07-21 20:00:00,20.090246,0,11.159999,3.671294,39,12.474748,20,0,0,0,0,1,0,0,100.0,39.25,85,0
2023-07-21 21:00:00,19.180244,0,9.36,2.4149535,33,0,21,0,0,0,0,1,0,0,85.0,39.5,100,0
2023-07-21 22:00:00,18.860245,0,6.4799995,2.8116899,57,0,22,0,0,0,0,1,0,0,100.0,42.0,59,0
2023-07-21 23:00:00,17.940245,0,6.12,3.2599385,33,0,23,0,0,0,0,1,0,0,59.0,43.75,50,0
2023-07-22 00:00:00,17.200245,0,5.3999996,6.12,22,0,0,0,0,0,0,0,1,0,50.0,45.0,34,0
2023-07-22 01:00:00,16.560246,0,6.4799995,5.8048253,26,0,1,0,0,0,0,0,1,0,34.0,46.208333333333336,15,0
2023-07-22 02:00:00,15.750245,0,6.8399997,5.0911684,23,0,2,0,0,0,0,0,1,0,15.0,46.791666666666664,10,0
2023-07-22 03:00:00,14.750245,0,7.5599995,5.0528407,16,0,3,0,0,0,0,0,1,0,10.0,47.125,3,0
2023-07-22 04:00:00,13.700245,0,9.36,5.04,27,5.4424243,4,0,0,0,0,0,1,0,3.0,47.208333333333336,3,0
2023-07-22 05:00:00,14.380245,0,10.08,4.73506,21,47.272724,5,0,0,0,0,0,1,0,3.0,47.291666666666664,3,0
2023-07-22 06:00:00,16.940245,0,12.24,5.3517847,17,49.696968,6,0,0,0,0,0,1,0,3.0,46.875,6,0
2023-07-22 07:00:00,19.540245,0,16.56,5.991594,17,49.696968,7,0,0,0,0,0,1,0,6.0,46.125,26,0
2023-07-22 08:00:00,21.630245,0,19.44,6.1305785,10,53.939396,8,0,0,0,0,0,1,0,26.0,45.375,26,0
2023-07-22 09:00:00,23.070246,0,21.24,7.127636,8,55.151512,9,0,0,0,0,0,1,0,26.0,44.416666666666664,40,0
2023-07-22 10:00:00,24.360245,0,21.96,7.491114,15,50.909096,10,0,0,0,0,0,1,0,40.0,44.25,61,0
2023-07-22 11:00:00,25.400246,0,24.119999,9.290511,25,44.848488,11,0,0,0,0,0,1,0,61.0,44.958333333333336,41,0
2023-07-22 12:00:00,26.090246,0,25.56,9.826088,22,46.666668,12,0,0,0,0,0,1,0,41.0,45.458333333333336,52,0
2023-07-22 13:00:00,26.600245,0,29.519999,10.495713,21,47.272724,13,0,0,0,0,0,1,0,52.0,46.041666666666664,45,0
2023-07-22 14:00:00,27.000246,0,32.039997,10.365251,8,55.151512,14,0,0,0,0,0,1,0,45.0,46.333333333333336,94,0
2023-07-22 15:00:00,27.160246,0,32.760002,10.365251,12.3,52.545456,15,0,0,0,0,0,1,0,94.0,48.791666666666664,84,0
2023-07-22 16:00:00,27.050245,0,32.399998,10.587917,11.700001,52.909092,16,0,0,0,0,0,1,0,84.0,50.5,95,0
2023-07-22 17:00:00,26.530245,0,31.68,10.661107,6,56.363636,17,0,0,0,0,0,1,0,95.0,51.333333333333336,106,0
2023-07-22 18:00:00,25.760244,0,27.359999,7.928178,9,54.545452,18,0,0,0,0,0,1,0,106.0,52.333333333333336,98,0
2023-07-22 19:00:00,23.540245,0,19.8,5.4119864,6,56.363636,19,0,0,0,0,0,1,0,98.0,51.5,95,0
2023-07-22 20:00:00,22.020245,0,14.759999,3.5455887,6,18.333838,20,0,0,0,0,0,1,0,95.0,51.291666666666664,128,0
2023-07-22 21:00:00,18.890245,0,11.879999,4.32,6,0,21,0,0,0,0,0,1,0,128.0,53.083333333333336,88,0
2023-07-22 22:00:00,17.850245,0,13.32,6.489992,0,0,22,0,0,0,0,0,1,0,88.0,52.583333333333336,81,0
2023-07-22 23:00:00,17.280245,0,14.4,5.7599998,2,0,23,0,0,0,0,0,1,0,81.0,53.5,46,0
2023-07-23 00:00:00,16.540245,0,14.04,5.771239,2,0,0,0,0,0,0,0,0,1,46.0,53.333333333333336,28,0
2023-07-23 01:00:00,15.490245,0,14.04,5.04,0,0,1,0,0,0,0,0,0,1,28.0,53.083333333333336,17,0
2023-07-23 02:00:00,14.960245,0,14.759999,4.3349743,0,0,2,0,0,0,0,0,0,1,17.0,53.166666666666664,11,0
2023-07-23 03:00:00,14.580245,0,15.4800005,5.1544156,0,0,3,0,0,0,0,0,0,1,11.0,53.208333333333336,5,0
2023-07-23 04:00:00,14.260245,0,15.4800005,5.2416787,0,6.3333335,4,0,0,0,0,0,0,1,5.0,53.291666666666664,3,0
2023-07-23 05:00:00,15.900246,0,15.84,5.5887027,7.2000003,55.636364,5,0,0,0,0,0,0,1,3.0,53.291666666666664,2,0
2023-07-23 06:00:00,18.010244,0,19.08,6.379216,19,48.484848,6,0,0,0,0,0,0,1,2.0,53.25,3,0
2023-07-23 07:00:00,20.320246,0,22.68,8.4963045,27.6,43.272728,7,0,0,0,0,0,0,1,3.0,53.125,23,0
2023-07-23 08:00:00,22.630245,0,29.16,12.229406,26.400002,44,8,0,0,0,0,0,0,1,23.0,53.0,30,0
2023-07-23 09:00:00,24.520245,0,34.56,14.291592,16.2,50.181816,9,0,0,0,0,0,0,1,30.0,53.166666666666664,36,0
2023-07-23 10:00:00,25.880245,0,41.399998,13.276144,40,35.757576,10,0,0,0,0,0,0,1,36.0,53.0,25,0
2023-07-23 11:00:00,27.180244,0,45.36,17.727943,84,9.090908,11,0,0,0,0,0,0,1,25.0,51.5,30,0
2023-07-23 12:00:00,28.180244,0,52.92,11.592895,63,21.818182,12,0,0,0,0,0,0,1,30.0,51.041666666666664,52,0
2023-07-23 13:00:00,28.400246,0,55.8,11.91812,42,34.545456,13,0,0,0,0,0,0,1,52.0,51.041666666666664,53,0
2023-07-23 14:00:00,28.890245,0,50.399998,12.979984,48,30.90909,14,0,0,0,0,0,0,1,53.0,51.375,78,0
2023-07-23 15:00:00,28.630245,0,45.719997,12.758432,79,12.121214,15,0,0,0,0,0,0,1,78.0,50.708333333333336,70,0
2023-07-23 16:00:00,28.700245,0,38.88,10.538843,77,13.333332,16,0,0,0,0,0,0,1,70.0,50.125,142,0
2023-07-23 17:00:00,27.960245,0,32.399998,6.519877,63,21.818182,17,0,0,0,0,0,0,1,142.0,52.083333333333336,135,0
2023-07-23 18:00:00,27.260244,0,19.08,1.08,26,44.242424,18,0,0,0,0,0,0,1,135.0,53.291666666666664,131,0
2023-07-23 19:00:00,24.440245,0,11.5199995,3.9763298,30,41.81818,19,0,0,0,0,0,0,1,131.0,54.666666666666664,95,0
2023-07-23 20:00:00,22.740246,0,11.5199995,5.2416787,22,14.35,20,0,0,0,0,0,0,1,95.0,54.666666666666664,153,0
2023-07-23 21:00:00,21.780245,0,10.440001,3.8939953,19,0,21,0,0,0,0,0,0,1,153.0,55.708333333333336,89,0
2023-07-23 22:00:00,20.290245,0,10.08,1.2979984,40,0,22,0,0,0,0,0,0,1,89.0,55.75,77,0
2023-07-23 23:00:00,20.010244,0,10.799999,2.4149535,31,0,23,0,0,0,0,0,0,1,77.0,55.583333333333336,42,0
2023-07-24 00:00:00,18.820246,0,10.440001,1.4399999,42,0,0,1,0,0,0,0,0,0,42.0,55.416666666666664,4,0
2023-07-24 01:00:00,18.620245,0,10.440001,3.219938,30,0,1,1,0,0,0,0,0,0,4.0,54.416666666666664,2,0
2023-07-24 02:00:00,17.760244,0,10.799999,3.6,21.6,0,2,1,0,0,0,0,0,0,2.0,53.791666666666664,2,0
2023-07-24 03:00:00,17.740246,0,11.159999,3.4152596,30.000002,0,3,1,0,0,0,0,0,0,2.0,53.416666666666664,1,0
2023-07-24 04:00:00,18.700245,0,11.5199995,6.924738,55,2.3037035,4,1,0,0,0,0,0,0,1.0,53.25,2,0
2023-07-24 05:00:00,19.140245,0,26.28,9.422101,98,0.6060612,5,1,0,0,0,0,0,0,2.0,53.208333333333336,9,0
2023-07-24 06:00:00,19.570246,0.1,31.319998,8.707238,52,28.48485,6,1,0,0,0,0,0,0,9.0,53.5,39,1
2023-07-24 07:00:00,19.760244,0.8,25.919998,8.209263,29.7,42,7,1,0,0,0,0,0,0,39.0,55.0,46,1
2023-07-24 08:00:00,20.140245,0.5,34.92,7.771331,24,45.454544,8,1,0,0,0,0,0,0,46.0,55.958333333333336,48,1
2023-07-24 09:00:00,21.100245,1.5,36.719997,11.91812,28.2,42.909096,9,1,0,0,0,0,0,0,48.0,56.708333333333336,46,1
2023-07-24 10:00:00,20.530245,1.1,36.719997,5.04,38,36.969692,10,1,0,0,0,0,0,0,46.0,57.125,29,0
2023-07-24 11:00:00,20.910246,0.8,34.92,8.049845,29.1,42.363636,11,1,0,0,0,0,0,0,29.0,57.291666666666664,17,0
2023-07-24 12:00:00,21.520245,0,23.759998,9.449572,33,39.999996,12,1,0,0,0,0,0,0,17.0,56.75,37,0
2023-07-24 13:00:00,22.770245,0.9,39.96,13.004922,61,23.030302,13,1,0,0,0,0,0,0,37.0,56.125,24,0
2023-07-24 14:00:00,22.850245,0,53.639996,14.386494,38,36.969692,14,1,0,0,0,0,0,0,24.0,54.916666666666664,44,0
2023-07-24 15:00:00,23.010244,0.1,55.079998,11.966953,14.1,51.454544,15,1,0,0,0,0,0,0,44.0,53.5,60,0
2023-07-24 16:00:00,23.280245,1.3,51.48,8.913181,37,37.57576,16,1,0,0,0,0,0,0,60.0,53.083333333333336,56,0
2023-07-24 17:00:00,23.390245,0.5,48.6,11.013882,35,38.78788,17,1,0,0,0,0,0,0,56.0,49.5,50,0
2023-07-24 18:00:00,21.890245,1.1,37.079998,6.489992,26,44.242424,18,1,0,0,0,0,0,0,50.0,45.958333333333336,58,0
2023-07-24 19:00:00,20.580246,0,18,6.519877,30.000002,41.81818,19,1,0,0,0,0,0,0,58.0,42.916666666666664,64,0
2023-07-24 20:00:00,19.370245,0,15.119999,6.5693827,29,12.291245,20,1,0,0,0,0,0,0,64.0,41.625,78,0
2023-07-24 21:00:00,18.680244,0.1,13.32,6.6185193,36,0,21,1,0,0,0,0,0,0,78.0,38.5,62,0
2023-07-24 22:00:00,18.080246,0,14.4,5.4119864,48,0,22,1,0,0,0,0,0,0,62.0,37.375,32,0
2023-07-24 23:00:00,17.990246,0,13.32,5.4119864,50,0,23,1,0,0,0,0,0,0,32.0,35.5,24,0
2023-07-25 00:00:00,17.400246,0,11.879999,6.130579,44,0,0,0,1,0,0,0,0,0,24.0,34.75,5,0
2023-07-25 01:00:00,17.140245,0,13.32,6.5693827,40,0,1,0,1,0,0,0,0,0,5.0,34.791666666666664,1,0
2023-07-25 02:00:00,17.420246,0,14.4,8.089993,36,0,2,0,1,0,0,0,0,0,1.0,34.75,2,0
2023-07-25 03:00:00,17.410246,0,16.919998,8.39657,30,0,3,0,1,0,0,0,0,0,2.0,34.75,1,0
2023-07-25 04:00:00,17.480246,0,18.359999,7.928177,48,2.060606,4,0,1,0,0,0,0,0,1.0,34.75,1,0
2023-07-25 05:00:00,17.890245,0,22.319998,8.714677,63,21.818182,5,0,1,0,0,0,0,0,1.0,34.708333333333336,12,0
2023-07-25 06:00:00,18.310246,0.1,27.72,8.669949,38,36.969692,6,0,1,0,0,0,0,0,12.0,34.833333333333336,25,0
2023-07-25 07:00:00,19.110245,0.1,32.399998,11.885453,40,35.757576,7,0,1,0,0,0,0,0,25.0,34.25,55,0
2023-07-25 08:00:00,19.790245,0.2,46.8,14.512064,62,22.424244,8,0,1,0,0,0,0,0,55.0,34.625,20,0
2023-07-25 09:00:00,20.420246,0.6,52.92,15.646544,25,44.848488,9,0,1,0,0,0,0,0,20.0,33.458333333333336,30,0
2023-07-25 10:00:00,19.030245,2.4,52.56,13.551501,66,19.999998,10,0,1,0,0,0,0,0,30.0,32.791666666666664,20,0
2023-07-25 11:00:00,19.870245,2.8,52.92,16.179987,30,41.81818,11,0,1,0,0,0,0,0,20.0,32.416666666666664,16,0
2023-07-25 12:00:00,20.710245,2.4,54,15.459054,39,36.36364,12,0,1,0,0,0,0,0,16.0,32.375,17,0
2023-07-25 13:00:00,18.720245,2.6,54,21.96,39,36.36364,13,0,1,0,0,0,0,0,17.0,31.541666666666668,12,0
2023-07-25 14:00:00,19.210245,1.4,54.36,18.584509,43,33.939392,14,0,1,0,0,0,0,0,12.0,31.041666666666668,25,0
2023-07-25 15:00:00,18.300245,2.1,48.96,15.496736,30,41.81818,15,0,1,0,0,0,0,0,25.0,30.25,23,0
2023-07-25 16:00:00,17.890245,1.8,41.399998,16.09969,68,18.78788,16,0,1,0,0,0,0,0,23.0,28.708333333333332,34,0
2023-07-25 17:00:00,16.940245,0.7,27,14.182355,66,19.999998,17,0,1,0,0,0,0,0,34.0,27.791666666666668,38,0
2023-07-25 18:00:00,15.610246,1.7,22.68,10.787993,75,14.545455,18,0,1,0,0,0,0,0,38.0,27.291666666666668,40,0
2023-07-25 19:00:00,15.170245,0.6,30.960001,9.339208,81,10.909091,19,0,1,0,0,0,0,0,40.0,26.541666666666668,60,0
2023-07-25 20:00:00,15.160245,0.4,23.4,7.8954163,54,7.3257575,20,0,1,0,0,0,0,0,60.0,26.375,102,0
2023-07-25 21:00:00,14.840245,0.7,22.319998,8.311245,32,0,21,0,1,0,0,0,0,0,102.0,27.375,53,0
2023-07-25 22:00:00,14.450245,0.4,19.8,8.287822,65,0,22,0,1,0,0,0,0,0,53.0,27.0,25,0
2023-07-25 23:00:00,14.320246,0.3,19.08,7.172949,42,0,23,0,1,0,0,0,0,0,25.0,26.708333333333332,16,0
2023-07-26 00:00:00,13.770246,0.2,17.28,6.6087217,19,0,0,0,0,1,0,0,0,0,16.0,26.375,4,0
2023-07-26 01:00:00,13.430245,0,17.64,6.989936,26,0,1,0,0,1,0,0,0,0,4.0,26.333333333333332,2,0
2023-07-26 02:00:00,13.170245,0,17.28,6.618519,31,0,2,0,0,1,0,0,0,0,2.0,26.375,1,0
2023-07-26 03:00:00,13.030245,0,15.84,6.297428,65,0,3,0,0,1,0,0,0,0,1.0,26.333333333333332,1,0
2023-07-26 04:00:00,12.930245,0,14.759999,6.9247384,85,0.39124584,4,0,0,1,0,0,0,0,1.0,26.333333333333332,1,0
2023-07-26 05:00:00,13.320246,0,16.56,7.24486,85,7.2727275,5,0,0,1,0,0,0,0,1.0,26.333333333333332,13,0
2023-07-26 06:00:00,13.670245,0,22.319998,6.989936,85,10.909091,6,0,0,1,0,0,0,0,13.0,26.375,36,0
2023-07-26 07:00:00,14.240245,0.5,23.4,8.404285,85,7.2727275,7,0,0,1,0,0,0,0,36.0,26.833333333333332,36,0
2023-07-26 08:00:00,14.740245,0.1,25.919998,9.220499,66,19.999998,8,0,0,1,0,0,0,0,36.0,26.041666666666668,45,0
2023-07-26 09:00:00,16.170246,0.2,31.68,9,57,25.454548,9,0,0,1,0,0,0,0,45.0,27.083333333333332,37,0
2023-07-26 10:00:00,17.280245,0.7,36,11.090103,68,18.78788,10,0,0,1,0,0,0,0,37.0,27.375,42,0
2023-07-26 11:00:00,18.190245,0.4,38.16,11.659777,61,23.030302,11,0,0,1,0,0,0,0,42.0,28.291666666666668,28,0
2023-07-26 12:00:00,18.450245,0.1,34.56,11.570515,44,33.333336,12,0,0,1,0,0,0,0,28.0,28.791666666666668,24,0
2023-07-26 13:00:00,18.850245,0,35.64,11.252519,61,23.030302,13,0,0,1,0,0,0,0,24.0,29.083333333333332,38,0
2023-07-26 14:00:00,19.520245,0,36.36,12.224107,48,30.90909,14,0,0,1,0,0,0,0,38.0,30.166666666666668,38,0
2023-07-26 15:00:00,20.070246,0,35.28,12.0694,35,38.78788,15,0,0,1,0,0,0,0,38.0,30.708333333333332,56,0
2023-07-26 16:00:00,20.580246,0,32.399998,11.165805,39,36.36364,16,0,0,1,0,0,0,0,56.0,32.083333333333336,70,0
2023-07-26 17:00:00,20.440245,0,28.44,9.504272,37,37.57576,17,0,0,1,0,0,0,0,70.0,33.583333333333336,57,0
2023-07-26 18:00:00,19.860245,0,24.119999,6.9247384,36,38.181816,18,0,0,1,0,0,0,0,57.0,34.375,65,0
2023-07-26 19:00:00,17.050245,0.1,18,4.73506,42,34.545456,19,0,0,1,0,0,0,0,65.0,35.416666666666664,79,0
2023-07-26 20:00:00,17.160246,0,13.32,1.8,37,9.310438,20,0,0,1,0,0,0,0,79.0,36.208333333333336,99,0
2023-07-26 21:00:00,16.670246,0,9,3.8268526,28,0,21,0,0,1,0,0,0,0,99.0,36.083333333333336,53,0
2023-07-26 22:00:00,13.770246,0,11.159999,5.3517847,44,0,22,0,0,1,0,0,0,0,53.0,36.083333333333336,33,0
2023-07-26 23:00:00,12.670245,0,11.5199995,5.2416787,37,0,23,0,0,1,0,0,0,0,33.0,36.416666666666664,23,0
2023-07-27 00:00:00,12.500245,0,11.879999,7.0911775,38,0,0,0,0,0,1,0,0,0,23.0,36.708333333333336,2,0
2023-07-27 01:00:00,12.440246,0,12.959999,7.42159,40,0,1,0,0,0,1,0,0,0,2.0,36.625,2,0
2023-07-27 02:00:00,12.350245,0,13.679999,7.8954163,29,0,2,0,0,0,1,0,0,0,2.0,36.625,2,0
2023-07-27 04:00:00,13.300245,0,16.56,7.42159,35,0.9912458,4,0,0,0,1,0,0,0,2.0,36.666666666666664,2,0
2023-07-27 05:00:00,13.790245,0,17.64,8.557102,94,3.0303025,5,0,0,0,1,0,0,0,2.0,36.708333333333336,5,0
2023-07-27 06:00:00,14.600245,0,19.44,9.255571,100,0,6,0,0,0,1,0,0,0,5.0,36.875,32,0
2023-07-27 07:00:00,16.280245,0,24.48,9.826088,97,1.2121224,7,0,0,0,1,0,0,0,32.0,37.666666666666664,46,0
2023-07-27 08:00:00,18.040245,0,24.84,10.446206,72,16.363636,8,0,0,0,1,0,0,0,46.0,38.083333333333336,39,0
2023-07-27 09:00:00,19.520245,0,31.68,12.879752,51,29.09091,9,0,0,0,1,0,0,0,39.0,38.208333333333336,34,0
2023-07-27 10:00:00,21.280245,0,38.519997,16.323528,67,19.393942,10,0,0,0,1,0,0,0,34.0,37.75,25,0
2023-07-27 11:00:00,22.130245,0,42.48,20.456745,85,8.48485,11,0,0,0,1,0,0,0,25.0,37.25,20,0
2023-07-27 12:00:00,23.500246,0,45,18.847641,66,19.999998,12,0,0,0,1,0,0,0,20.0,36.333333333333336,19,0
2023-07-27 13:00:00,24.890245,0,47.519997,18.681883,68,18.78788,13,0,0,0,1,0,0,0,19.0,35.958333333333336,33,0
2023-07-27 14:00:00,25.820246,0,48.239998,17.992796,76,13.939394,14,0,0,0,1,0,0,0,33.0,36.333333333333336,46,0
2023-07-27 15:00:00,25.600245,0,47.16,16.171976,69,18.18182,15,0,0,0,1,0,0,0,46.0,36.666666666666664,41,0
2023-07-27 16:00:00,25.700245,0,41.760002,14.494192,32,40.606064,16,0,0,0,1,0,0,0,41.0,36.791666666666664,52,0
2023-07-27 17:00:00,25.750246,0,35.64,11.542478,30,41.81818,17,0,0,0,1,0,0,0,52.0,36.625,76,0
2023-07-27 18:00:00,25.070246,0,29.16,6.2145634,16,50.303032,18,0,0,0,1,0,0,0,76.0,36.875,67,0
2023-07-27 19:00:00,23.750246,0,16.56,4.3349743,20,47.878788,19,0,0,0,1,0,0,0,67.0,37.291666666666664,111,0
2023-07-27 20:00:00,19.960245,0,14.04,2.2768397,20,10.865826,20,0,0,0,1,0,0,0,111.0,39.208333333333336,72,0
2023-07-27 21:00:00,18.710245,0,11.879999,3.319036,9,0,21,0,0,0,1,0,0,0,72.0,38.916666666666664,42,0
2023-07-27 22:00:00,17.690245,0,11.879999,3.2399998,12,0,22,0,0,0,1,0,0,0,42.0,36.541666666666664,39,0
2023-07-27 23:00:00,16.840246,0,12.24,3.6179552,18,0,23,0,0,0,1,0,0,0,39.0,35.958333333333336,14,0
2023-07-28 00:00:00,16.610245,0,12.24,4.32,16,0,0,0,0,0,0,1,0,0,14.0,35.166666666666664,1,0
2023-07-28 01:00:00,16.740246,0,12.599999,4.802999,20,0,1,0,0,0,0,1,0,0,1.0,34.25,1,0
2023-07-28 02:00:00,16.550245,0,14.04,5.6920996,22,0,2,0,0,0,0,1,0,0,1.0,34.208333333333336,2,0
2023-07-28 03:00:00,17.250246,0,14.759999,6.151683,17,0,3,0,0,0,0,1,0,0,2.0,34.208333333333336,1,0
2023-07-28 04:00:00,16.960245,0,15.4800005,5.1544156,17,0.24848485,4,0,0,0,0,1,0,0,1.0,34.166666666666664,2,0
2023-07-28 05:00:00,17.490246,0,16.919998,5.4477882,19,48.484848,5,0,0,0,0,1,0,0,2.0,34.166666666666664,8,0
2023-07-28 06:00:00,19.550245,0,19.08,6.519877,23,46.060608,6,0,0,0,0,1,0,0,8.0,34.291666666666664,45,0
2023-07-28 07:00:00,21.150246,0,19.08,7.5170207,24,45.454544,7,0,0,0,0,1,0,0,45.0,34.833333333333336,54,0
2023-07-28 08:00:00,23.130245,0,27.359999,11.480557,29,45.454544,8,0,0,0,0,1,0,0,54.0,35.166666666666664,67,0
2023-07-28 09:00:00,24.820246,0,29.519999,13.18308,42,45.454544,9,0,0,0,0,1,0,0,67.0,36.333333333333336,37,0
2023-07-28 10:00:00,25.320246,0,39.96,15.807239,40,45.454544,10,0,0,0,0,1,0,0,37.0,36.458333333333336,38,0
2023-07-28 11:00:00,25.280245,0,51.12,12.413476,37,45.454544,11,0,0,0,0,1,0,0,38.0,37.0,32,0
2023-07-28 12:00:00,24.970245,0,51.839996,12.682018,42,34.545456,12,0,0,0,0,1,0,0,32.0,37.5,31,0
2023-07-28 13:00:00,24.510244,0.2,48.6,12.245294,46,32.121212,13,0,0,0,0,1,0,0,31.0,38.0,35,0
2023-07-28 14:00:00,23.740246,0.4,46.079998,10.594036,69,18.18182,14,0,0,0,0,1,0,0,35.0,38.083333333333336,42,0
2023-07-28 15:00:00,22.320246,0.6,45,6.924738,53,27.878788,15,0,0,0,0,1,0,0,42.0,37.916666666666664,36,0
2023-07-28 16:00:00,21.510244,0.4,33.12,8.4042845,19,48.484848,16,0,0,0,0,1,0,0,36.0,37.708333333333336,48,0
2023-07-28 17:00:00,21.920246,0.1,32.760002,8.427383,29,42.424244,17,0,0,0,0,1,0,0,48.0,37.541666666666664,87,0
2023-07-28 18:00:00,21.730246,0,25.199999,3.8268526,26.7,43.818184,18,0,0,0,0,1,0,0,87.0,38.0,114,0
2023-07-28 19:00:00,20.530245,0,11.879999,3.2399998,30.000002,41.81818,19,0,0,0,0,1,0,0,114.0,39.958333333333336,116,0
2023-07-28 20:00:00,19.560246,0,11.5199995,5.3517847,28.2,8.85596,20,0,0,0,0,1,0,0,116.0,40.166666666666664,104,0
2023-07-28 21:00:00,19.230246,0,15.84,6.28713,17.400002,0,21,0,0,0,0,1,0,0,104.0,41.5,107,0
2023-07-28 22:00:00,18.880245,0,16.199999,3.096837,18.300001,0,22,0,0,0,0,1,0,0,107.0,44.208333333333336,80,0
2023-07-28 23:00:00,18.180244,0,14.759999,6.6185193,20.7,0,23,0,0,0,0,1,0,0,80.0,45.916666666666664,69,0
2023-07-29 00:00:00,18.050245,0,15.84,5.95906,30.000002,0,0,0,0,0,0,0,1,0,69.0,48.208333333333336,26,0
2023-07-29 01:00:00,17.820246,0,20.16,3.7064266,31,0,1,0,0,0,0,0,1,0,26.0,49.25,17,0
2023-07-29 02:00:00,18.210245,0,18,4.2136917,52,0,2,0,0,0,0,0,1,0,17.0,49.916666666666664,11,0
2023-07-29 03:00:00,18.490246,0,22.68,5.8603754,41,0,3,0,0,0,0,0,1,0,11.0,50.291666666666664,3,0
2023-07-29 04:00:00,18.640245,0,22.68,6.87779,56,0,4,0,0,0,0,0,1,0,3.0,50.375,3,0
2023-07-29 05:00:00,18.780245,0.2,25.56,6.489992,41,34.585186,5,0,0,0,0,0,1,0,3.0,50.416666666666664,2,0
2023-07-29 06:00:00,19.480246,0.2,37.079998,6.87779,73,15.757578,6,0,0,0,0,0,1,0,2.0,50.166666666666664,5,0
2023-07-29 07:00:00,20.380245,0,24.48,7.754637,55,26.666664,7,0,0,0,0,0,1,0,5.0,48.5,21,0
2023-07-29 08:00:00,22.130245,0,29.519999,13.551501,24,45.454544,8,0,0,0,0,0,1,0,21.0,47.125,15,0
2023-07-29 09:00:00,23.820246,0,51.12,17.238699,19.800001,47.999996,9,0,0,0,0,0,1,0,15.0,44.958333333333336,31,0
2023-07-29 10:00:00,25.600245,0,52.56,11.592894,66,19.999998,10,0,0,0,0,0,1,0,31.0,44.708333333333336,47,0
2023-07-29 11:00:00,26.050245,0,53.28,12.758432,79,12.121214,11,0,0,0,0,0,1,0,47.0,45.083333333333336,42,0
2023-07-29 12:00:00,25.810246,0,52.199997,9.565437,56,26.060608,12,0,0,0,0,0,1,0,42.0,45.5,36,0
2023-07-29 13:00:00,24.310246,0.4,49.32,13.53236,34,39.39394,13,0,0,0,0,0,1,0,36.0,45.708333333333336,55,0
2023-07-29 14:00:00,22.790245,1.4,41.760002,14.021525,69,18.18182,14,0,0,0,0,0,1,0,55.0,46.541666666666664,54,0
2023-07-29 15:00:00,22.120245,0.1,30.239998,9.028754,93,3.6363637,15,0,0,0,0,0,1,0,54.0,47.041666666666664,85,0
2023-07-29 16:00:00,21.740246,0.7,39.96,10.041354,78,5.454544,16,0,0,0,0,0,1,0,85.0,49.083333333333336,67,0
2023-07-29 17:00:00,21.280245,0.6,43.56,9.339208,68,6.666666,17,0,0,0,0,0,1,0,67.0,49.875,89,0
2023-07-29 18:00:00,21.280245,0.1,28.08,8.287822,84,9.090908,18,0,0,0,0,0,1,0,89.0,49.958333333333336,110,0
2023-07-29 19:00:00,20.390245,0.6,26.28,7.928177,56,26.060608,19,0,0,0,0,0,1,0,110.0,49.791666666666664,74,0
2023-07-29 20:00:00,19.820246,1.3,19.08,7.42159,41,6.522559,20,0,0,0,0,0,1,0,74.0,48.041666666666664,67,0
2023-07-29 21:00:00,19.230246,1.5,15.4800005,7.491114,41,0,21,0,0,0,0,0,1,0,67.0,46.5,64,0
2023-07-29 22:00:00,19.350245,0.2,16.199999,5.991594,44,0,22,0,0,0,0,0,1,0,64.0,44.708333333333336,73,0
2023-07-29 23:00:00,19.290245,0.9,20.16,6.9247384,77,0,23,0,0,0,0,0,1,0,73.0,44.416666666666664,54,0
2023-07-30 00:00:00,19.160246,0.8,23.4,5.8048253,38,0,0,0,0,0,0,0,0,1,54.0,43.791666666666664,22,0
2023-07-30 01:00:00,18.820246,0.3,24.48,8.435069,22,0,1,0,0,0,0,0,0,1,22.0,43.625,14,0
2023-07-30 02:00:00,18.430244,0.2,26.28,9.931042,64,0,2,0,0,0,0,0,0,1,14.0,43.5,10,0
2023-07-30 03:00:00,18.410246,0.1,26.64,9.726664,74,0,3,0,0,0,0,0,0,1,10.0,43.458333333333336,4,0
2023-07-30 04:00:00,18.350245,0.2,28.08,9.290511,53,0,4,0,0,0,0,0,0,1,4.0,43.5,3,0
2023-07-30 05:00:00,18.600245,0.2,24.48,8.942214,38,35.60387,5,0,0,0,0,0,0,1,3.0,43.5,3,0
2023-07-30 06:00:00,19.240246,0.2,29.16,10.739832,45,32.727272,6,0,0,0,0,0,0,1,3.0,43.541666666666664,5,0
2023-07-30 07:00:00,19.670246,0.1,31.319998,13.202726,44,33.333336,7,0,0,0,0,0,0,1,5.0,43.541666666666664,22,0
2023-07-30 08:00:00,20.300245,0,42.12,13.32,28,43.0303,8,0,0,0,0,0,0,1,22.0,43.583333333333336,17,0
2023-07-30 09:00:00,20.840246,0,40.68,14.345898,56,26.060608,9,0,0,0,0,0,0,1,17.0,43.666666666666664,30,0
2023-07-30 10:00:00,22.520245,0,37.079998,13.896187,37,37.57576,10,0,0,0,0,0,0,1,30.0,43.625,26,0
2023-07-30 11:00:00,23.390245,0,41.760002,16.75064,31,41.21212,11,0,0,0,0,0,0,1,26.0,42.75,31,0
2023-07-30 12:00:00,23.890245,0,43.199997,18.057508,24,45.454544,12,0,0,0,0,0,0,1,31.0,42.291666666666664,59,0
2023-07-30 13:00:00,24.020245,0,45.36,17.64,21,47.272724,13,0,0,0,0,0,0,1,59.0,43.25,52,0
2023-07-30 14:00:00,24.400246,0,44.639996,17.654688,37,37.57576,14,0,0,0,0,0,0,1,52.0,43.125,77,0
2023-07-30 15:00:00,24.240246,0,42.48,17.015474,46,32.121212,15,0,0,0,0,0,0,1,77.0,44.083333333333336,112,0
2023-07-30 16:00:00,23.890245,0,39.96,15.226764,20,47.878788,16,0,0,0,0,0,0,1,112.0,45.208333333333336,125,0
2023-07-30 17:00:00,23.120245,0,36.36,13.202726,16.5,50,17,0,0,0,0,0,0,1,125.0,47.625,87,0
2023-07-30 18:00:00,22.310246,0,30.239998,10.829959,26.7,43.818184,18,0,0,0,0,0,0,1,87.0,47.541666666666664,143,0
2023-07-30 19:00:00,19.580246,0,24.119999,6.87779,3.3000002,58,19,0,0,0,0,0,0,1,143.0,48.916666666666664,113,0
2023-07-30 20:00:00,17.690245,0,16.199999,6.151683,6,9.127778,20,0,0,0,0,0,0,1,113.0,50.541666666666664,102,0
2023-07-30 21:00:00,15.960245,0,14.04,7.289445,3,0,21,0,0,0,0,0,0,1,102.0,52.0,92,0
2023-07-30 22:00:00,15.110246,0,14.04,5.6233797,4,0,22,0,0,0,0,0,0,1,92.0,53.166666666666664,74,0
2023-07-30 23:00:00,14.910245,0,14.04,5.904439,8,0,23,0,0,0,0,0,0,1,74.0,53.208333333333336,34,0
2023-07-31 00:00:00,14.140245,0,13.32,5.95906,11.1,0,0,1,0,0,0,0,0,0,34.0,52.375,4,0
2023-07-31 01:00:00,12.980246,0,14.04,5.95906,29.7,0,1,1,0,0,0,0,0,0,4.0,51.625,2,0
2023-07-31 02:00:00,12.900246,0,13.679999,5.6920996,29.7,0,2,1,0,0,0,0,0,0,2.0,51.125,2,0
2023-07-31 03:00:00,12.900246,0,13.679999,5.6920996,30.000002,0,3,1,0,0,0,0,0,0,2.0,50.791666666666664,1,0
2023-07-31 04:00:00,12.580245,0,13.32,5.2416787,30.000002,0,4,1,0,0,0,0,0,0,1.0,50.666666666666664,1,0
2023-07-31 05:00:00,13.690246,0,13.679999,6.379216,28.800001,40.063637,5,1,0,0,0,0,0,0,1.0,50.583333333333336,12,0
2023-07-31 06:00:00,15.380245,0,15.84,7.8625183,24.6,45.090908,6,1,0,0,0,0,0,0,12.0,50.958333333333336,39,1
2023-07-31 07:00:00,17.200245,0,22.319998,9.585739,24,45.454544,7,1,0,0,0,0,0,0,39.0,52.375,45,1
2023-07-31 08:00:00,18.980246,0,29.519999,11.966954,42,34.545456,8,1,0,0,0,0,0,0,45.0,53.333333333333336,50,1
2023-07-31 09:00:00,20.310246,0.2,32.039997,13.276144,44,33.333336,9,1,0,0,0,0,0,0,50.0,54.708333333333336,44,1
2023-07-31 10:00:00,21.970245,0,36,11.592894,43,33.939392,10,1,0,0,0,0,0,0,44.0,55.291666666666664,39,0
2023-07-31 11:00:00,23.180244,0,37.079998,12.096214,58,24.848484,11,1,0,0,0,0,0,0,39.0,55.833333333333336,25,0
2023-07-31 12:00:00,24.100245,0,37.44,13.044722,41,35.151512,12,1,0,0,0,0,0,0,25.0,55.583333333333336,34,0
2023-07-31 13:00:00,25.140245,0,37.8,12.783802,30.000002,41.81818,13,1,0,0,0,0,0,0,34.0,54.541666666666664,52,0
2023-07-31 14:00:00,25.330246,0,37.44,11.435313,29.400002,42.181816,14,1,0,0,0,0,0,0,52.0,54.541666666666664,59,0
2023-07-31 15:00:00,25.120245,0,36.719997,11.119281,28.500002,42.727272,15,1,0,0,0,0,0,0,59.0,53.791666666666664,46,0
2023-07-31 16:00:00,25.020245,0,35.64,11.726277,27.900002,43.090904,16,1,0,0,0,0,0,0,46.0,51.041666666666664,73,0
2023-07-31 17:00:00,24.830246,0,33.48,10.308831,29,42.424244,17,1,0,0,0,0,0,0,73.0,48.875,53,0
2023-07-31 18:00:00,24.050245,0,28.8,7.754637,49,30.303032,18,1,0,0,0,0,0,0,53.0,47.458333333333336,65,0
2023-07-31 19:00:00,22.010244,0,19.44,6.1305785,91,4.8484864,19,1,0,0,0,0,0,0,65.0,44.208333333333336,110,0
2023-07-31 20:00:00,21.430244,0,18.72,8.373386,100,0,20,1,0,0,0,0,0,0,110.0,44.083333333333336,68,0
2023-07-31 21:00:00,20.680244,0,19.44,7.0911775,95,0,21,1,0,0,0,0,0,0,68.0,42.666666666666664,80,0
2023-07-31 22:00:00,20.900246,0,24.48,9.726664,92,0,22,1,0,0,0,0,0,0,80.0,42.166666666666664,27,0
2023-07-31 23:00:00,20.620245,0.2,23.4,9,100,0,23,1,0,0,0,0,0,0,27.0,40.208333333333336,18,0
